coffee_in_cafe,cost_beer,cost_coworking,cost_nomad,female_friendly,fragile_states_index,free_wifi_available,freedom_score,friendly_to_foreigners,internet_speed,latitude,life_score,longitude,nightlife,nomad_score,city,places_to_work,racism,safety
1.73,1.73,152.41,1364,1.0,52.7,0.4,0.6,0.6,31,47.497912,0.86,19.040235,1.0,1.0,Budapest,1.0,0.4,0.6
0.85,0.85,98.88,777,0.8,78.8,0.6,0.2,0.6,14,18.787747,0.75,98.9931284,0.4,0.95,Chiang Mai,0.8,0.4,0.8
1.99,1.99,159.13,1639,1.0,40.8,0.6,0.8,0.8,15,50.0755381,0.83,14.4378005,1.0,0.94,Prague,1.0,0.42,0.8
1.88,1.88,47.01,1545,1.0,74.6,1.0,0.6,0.8,16,25.091075,0.93,121.5598345,0.6,0.94,Taipei,1.0,0.0,1.0
5.0,5.0,200.0,3028,0.8,34.0,0.6,0.6,0.8,118,30.267153,0.95,-97.7430608,1.0,0.94,Austin,1.0,0.8,0.73
4.0,4.0,250.0,3238,0.8,34.0,1.0,0.6,0.8,81,25.7616798,1.0,-80.1917902,1.0,0.92,Miami,1.0,0.8,0.73
5.38,5.38,161.3,2554,0.8,39.8,0.6,0.8,0.8,18,40.4167754,0.88,-3.7037902,0.8,0.9,Madrid,1.0,0.6,0.8
5.0,5.0,300.0,3503,0.8,34.0,0.4,0.6,1.0,23,45.5230622,0.95,-122.6764816,1.0,0.9,Portland,1.0,0.8,0.8
5.0,5.0,490.0,3427,0.8,34.0,1.0,0.6,1.0,55,32.715738,0.92,-117.1610838,1.0,0.89,San Diego,1.0,0.8,0.6
4.03,4.03,96.78,2245,0.8,39.8,0.24,0.8,0.8,24,28.1235459,0.85,-15.4362574,0.8,0.88,Las Palmas,0.8,1.0,0.8
3.5,3.5,300.0,2956,0.8,34.0,0.6,0.6,0.8,99,33.7489954,0.87,-84.3879824,0.6,0.88,Atlanta,1.0,0.8,0.4
2.69,2.69,107.53,1681,0.76,29.2,0.62,0.8,0.83,21,41.1566892,0.84,-8.6239254,0.8,0.88,Porto,1.0,1.0,0.8
4.3,4.3,279.58,2528,1.0,29.0,0.76,0.8,0.4,38,50.8503396,0.87,4.3517103,0.6,0.87,Brussels,1.0,0.4,0.6
4.97,4.97,266.44,2408,1.0,21.3,1.0,0.8,1.0,11,-41.2864603,0.89,174.776236,0.6,0.87,Wellington,1.0,1.0,0.8
4.1,4.1,492.03,3202,1.0,22.6,0.4,0.8,0.82,19,59.3293235,0.89,18.0685808,0.8,0.87,Stockholm,1.0,0.8,1.0
4.0,4.0,400.0,3193,0.8,34.0,0.6,0.6,1.0,17,44.977753,0.89,-93.2650108,0.44,0.86,Minneapolis,1.0,0.8,0.6
1.12,1.12,274.27,1331,0.64,74.9,0.6,0.2,0.8,5,-8.519268,0.76,115.263298,0.6,0.86,Ubud,0.8,0.8,0.8
5.0,5.0,250.0,3400,0.8,34.0,0.8,0.6,0.6,20,37.8043637,0.87,-122.2711137,0.8,0.86,Oakland,1.0,0.8,0.38
6.0,6.0,199.0,3164,0.0,34.0,0.6,0.6,0.64,15,29.7604267,0.83,-95.3698028,0.8,0.85,Houston,1.0,0.82,0.4
5.0,5.0,175.0,2552,0.8,34.0,0.98,0.6,1.0,55,36.1699412,0.94,-115.1398296,1.0,0.85,Las Vegas,0.8,0.8,0.8
4.0,4.0,450.0,3602,0.8,34.0,0.6,0.6,0.8,101,39.7392358,0.88,-104.990251,0.6,0.85,Denver,1.0,0.8,0.8
1.41,1.41,155.43,1012,0.6,78.8,0.4,0.2,0.6,14,7.9810458,0.75,98.3638834,0.82,0.85,Phuket,0.8,0.42,0.8
2.69,2.69,153.85,2393,0.6,48.4,0.62,0.6,0.82,6,-34.6037232,0.81,-58.3815931,1.0,0.84,Buenos Aires,1.0,0.78,0.6
2.12,2.12,131.41,1197,0.8,78.8,1.0,0.2,1.0,24,13.7278956,0.72,100.5241235,1.0,0.84,Bangkok,1.0,0.42,0.77
5.0,5.0,345.0,4370,0.8,34.0,1.0,0.6,0.8,17,47.6062095,0.91,-122.3320708,0.8,0.84,Seattle,1.0,0.8,0.8
3.69,3.69,258.5,2574,1.0,23.8,0.6,0.8,0.8,0,45.5086699,0.9,-73.5539925,0.8,0.84,Montreal,1.0,1.0,0.8
1.41,1.41,169.56,1352,0.8,78.8,0.4,0.2,1.0,15,9.5120168,0.8,100.0135929,0.8,0.84,Ko Samui,0.8,0.4,0.8
3.55,3.55,319.73,2172,0.0,21.3,0.6,0.8,1.0,32,-43.5320544,0.88,172.6362254,0.6,0.84,Christchurch,0.8,1.0,1.0
4.3,4.3,172.05,2236,1.0,28.6,1.0,0.8,1.0,40,52.5200066,0.88,13.404954,1.0,0.84,Berlin,0.8,1.0,1.0
5.0,5.0,50.0,2671,0.8,34.0,0.8,0.6,0.8,45,29.4241219,0.88,-98.4936282,0.8,0.84,San Antonio,0.8,0.8,0.8
1.12,1.12,44.72,785,0.42,70.7,0.4,0.2,0.62,5,21.033333,0.73,105.85,0.6,0.84,Hanoi,1.0,0.42,0.64
5.0,5.0,121.0,3158,0.8,34.0,0.8,0.6,0.8,49,32.7766642,0.89,-96.7969879,0.4,0.84,Dallas,0.8,0.8,0.8
4.5,4.5,200.0,3051,0.8,34.0,0.6,0.6,1.0,97,39.0997265,0.89,-94.5785667,1.0,0.83,Kansas City,0.8,0.8,0.44
3.22,3.22,257.83,1942,0.6,65.60000000000001,0.27,0.6,0.6,52,22.3593252,0.83,114.1408686,1.0,0.83,Hong Kong,0.4,0.45,0.8
3.02,3.02,332.05,1938,1.0,22.5,0.6,0.8,1.0,5,-31.9535132,0.88,115.8570471,0.6,0.83,Perth,0.8,0.8,1.0
1.12,1.12,89.43,829,0.6,70.7,0.6,0.2,0.6,10,10.8230989,0.7,106.6296638,0.76,0.83,Ho Chi Minh City,0.8,0.4,0.58
3.84,3.84,85.4,1892,1.0,36.1,1.0,0.6,0.8,56,37.566535,0.88,126.9779692,1.0,0.83,Seoul,0.8,0.4,1.0
3.23,3.23,193.56,2307,0.8,39.8,0.6,0.8,0.6,29,37.3890924,0.86,-5.9844589,0.45,0.83,Seville,0.8,0.4,1.0
4.3,4.3,430.13,3052,1.0,28.6,0.2,0.8,0.8,22,53.5510846,0.9,9.9936818,1.0,0.83,Hamburg,0.8,0.8,1.0
5.0,5.0,45.0,2743,1.0,34.0,0.8,0.6,0.8,33,43.0730517,0.88,-89.4012302,0.6,0.83,Madison,0.8,0.8,0.8
5.0,5.0,100.0,2798,1.0,34.0,0.8,0.6,0.8,37,42.8864468,0.88,-78.8783689,0.8,0.83,Buffalo,0.8,0.8,0.8
5.5,5.5,300.0,3145,1.0,34.0,0.8,0.6,0.8,12,26.1224386,0.88,-80.1373174,1.0,0.82,Fort Lauderdale,0.8,0.8,0.6
5.0,5.0,97.0,2823,0.6,34.0,0.8,0.6,0.8,45,27.950575,0.86,-82.4571776,0.8,0.82,Tampa,0.8,0.8,0.8
4.3,4.3,322.6,2183,1.0,28.6,0.22,0.8,0.62,13,50.937531,0.86,6.9602786,0.8,0.82,Cologne,0.8,0.75,1.0
4.3,4.3,311.84,2704,1.0,28.6,0.4,0.8,1.0,20,48.1351253,0.87,11.5819806,0.96,0.82,Munich,0.8,0.8,0.98
4.3,4.3,257.0,2501,1.0,28.6,0.6,0.8,1.0,25,48.7758459,0.89,9.1829321,0.8,0.82,Stuttgart,0.8,0.8,1.0
4.0,4.0,80.0,2627,1.0,34.0,0.8,0.6,0.8,35,38.2526647,0.87,-85.7584557,0.6,0.82,Louisville,0.8,0.8,0.8
7.5,7.5,350.0,4497,0.8,34.0,1.0,0.6,0.8,23,39.9525839,0.88,-75.1652215,1.0,0.82,Philadelphia,1.0,0.8,0.6
5.38,5.38,298.94,3129,1.0,28.2,0.8,1.0,1.0,37,52.0907374,0.9,5.1214201,0.8,0.82,Utrecht,0.8,0.8,1.0
5.0,5.0,275.0,3034,0.8,34.0,0.4,0.6,1.0,36,29.9510658,0.87,-90.0715323,1.0,0.82,New Orleans,0.8,0.8,0.6
6.99,6.99,75.27,3125,1.0,29.0,0.8,0.8,0.8,141,51.2194475,0.89,4.4024643,0.8,0.82,Antwerp,0.8,0.4,1.0
2.69,2.69,106.46,1844,0.8,29.2,0.6,0.8,0.8,54,38.7222524,0.84,-9.1393366,1.0,0.82,Lisbon,0.6,0.8,0.8
5.0,5.0,250.0,2824,0.8,34.0,1.0,0.6,0.6,24,37.5407246,0.84,-77.4360481,0.8,0.81,Richmond,0.8,0.8,0.6
5.0,5.0,180.0,3033,1.0,34.0,1.0,0.6,0.8,32,38.5815719,0.87,-121.4943996,0.6,0.81,Sacramento,0.8,0.8,0.8
4.5,4.5,40.0,2361,1.0,34.0,0.8,0.6,0.6,23,35.110703,0.89,-106.609991,0.8,0.81,Albuquerque,0.8,0.8,0.8
5.0,5.0,150.0,2773,0.8,34.0,0.0,0.6,0.8,34,36.8507689,0.86,-76.2858726,0.42,0.81,Norfolk,0.8,0.78,0.8
4.01,4.01,35.12,2966,1.0,21.8,1.0,0.8,1.0,48,46.9479222,0.89,7.4446085,0.6,0.81,Bern,0.8,0.6,1.0
4.0,4.0,200.0,3202,1.0,34.0,0.6,0.6,0.8,36,38.8338816,0.87,-104.8213634,0.6,0.81,Colorado Springs,0.8,0.8,0.8
4.3,4.3,204.31,2623,0.8,39.6,0.6,0.6,0.8,15,35.912222,0.87,14.504167,0.6,0.81,Sliema,0.8,0.0,0.8
5.38,5.38,107.53,2761,0.8,28.2,0.8,1.0,0.8,65,53.2193835,0.88,6.5665018,0.8,0.81,Groningen,0.8,0.8,0.8
2.91,2.91,250.55,2582,0.0,65.3,0.4,0.4,1.0,0,-23.5505199,0.78,-46.6333094,1.0,0.81,Sao Paulo,1.0,0.8,0.38
3.69,3.69,73.86,2668,0.8,23.8,0.8,0.8,1.0,30,42.3149367,0.87,-83.0363633,0.6,0.81,Windsor,0.8,1.0,1.0
4.3,4.3,215.07,2287,1.0,39.8,0.8,0.8,0.8,8,39.4699075,0.85,-0.3762881,0.62,0.81,Valencia,0.8,0.4,0.8
4.3,4.3,104.31,2605,1.0,29.0,0.4,0.8,0.8,34,51.0543422,0.86,3.7174243,0.6,0.81,Ghent,0.8,0.38,1.0
5.38,5.38,283.89,2783,0.8,34.5,0.62,0.6,0.8,197,44.837789,0.86,-0.57918,0.6,0.81,Bordeaux,0.8,0.6,1.0
5.0,5.0,350.0,2956,0.8,34.0,0.0,0.6,0.8,31,41.2523634,0.85,-95.9979883,1.0,0.81,Omaha,0.8,0.8,0.8
8.6,8.6,268.83,3681,0.6,43.1,0.6,0.6,0.8,77,45.4654219,0.83,9.1859243,1.0,0.81,Milan,1.0,0.4,0.8
5.0,5.0,300.0,2945,1.0,34.0,1.0,0.6,0.8,30,35.7795897,0.86,-78.6381787,0.8,0.81,Raleigh,0.8,0.8,0.6
4.84,4.84,182.81,2615,1.0,27.5,1.0,0.8,0.8,36,48.2081743,0.85,16.3738189,0.76,0.81,Vienna,0.8,0.6,1.0
5.0,5.0,275.0,3482,0.8,34.0,0.4,0.6,0.8,28,36.1626638,0.9,-86.7816016,1.0,0.8,Nashville,0.8,0.8,0.8
7.0,7.0,110.0,3582,1.0,34.0,0.8,0.6,0.8,28,43.0389025,0.88,-87.9064736,0.6,0.8,Milwaukee,0.8,0.8,0.8
5.66,5.66,226.4,2561,1.0,22.5,1.0,0.8,1.0,50,-34.4250728,0.87,150.8931494,0.6,0.8,Wollongong,0.8,0.8,0.8
4.3,4.3,160.22,2376,1.0,28.6,0.4,0.8,0.8,16,49.45203,0.85,11.07675,0.6,0.8,Nuremberg,0.8,0.8,1.0
3.13,3.13,21.35,1708,0.8,36.1,1.0,0.6,0.8,30,35.8796687,0.87,128.4266154,1.0,0.8,Daegu,1.0,0.6,1.0
3.44,3.44,21.35,1716,0.8,36.1,1.0,0.6,0.8,31,35.1643694,0.87,128.9317153,0.91,0.8,Busan,1.0,0.6,1.0
5.38,5.38,161.3,3041,0.6,28.2,0.8,1.0,0.8,50,51.930833,0.84,4.479167,0.8,0.8,Rotterdam,0.8,0.8,0.6
2.15,2.15,129.04,1322,0.8,29.2,1.0,0.8,1.0,29,41.5454486,0.83,-8.426507,0.6,0.8,Braga,0.4,0.6,0.8
5.0,5.0,250.0,2729,1.0,34.0,0.6,0.6,0.4,40,33.4483771,0.81,-112.0740373,0.6,0.8,Phoenix,0.8,0.8,0.8
5.0,5.0,200.0,3015,0.8,34.0,0.4,0.6,0.8,22,43.16103,0.84,-77.6109219,0.6,0.8,Rochester,0.8,0.8,0.6
5.38,5.38,188.18,3469,1.0,28.2,0.8,1.0,1.0,17,52.1601144,0.92,4.4970097,0.8,0.8,Leiden,0.8,0.8,1.0
5.2,5.2,148.17,5317,1.0,86.99999999999999,0.62,0.4,0.82,15,32.0852999,0.93,34.7817676,1.0,0.8,Tel Aviv,0.8,0.8,0.8
5.0,5.0,200.0,2796,0.8,34.0,0.4,0.6,0.8,66,28.5383355,0.83,-81.3792365,0.6,0.8,Orlando,0.8,0.8,0.6
5.38,5.38,241.95,3271,1.0,28.2,0.8,1.0,0.8,59,51.441642,0.89,5.4697225,0.6,0.79,Eindhoven,0.8,0.8,1.0
4.37,4.37,224.55,3461,1.0,32.4,0.42,0.6,1.0,0,51.454513,0.89,-2.58791,0.8,0.79,Bristol,0.8,1.0,1.0
5.0,5.0,150.0,2576,0.8,34.0,0.8,0.6,1.0,15,32.2217429,0.82,-110.926479,0.4,0.79,Tucson,0.8,0.8,0.6
4.37,4.37,187.13,2715,0.8,32.4,0.6,0.6,1.0,0,53.4083714,0.86,-2.9915726,0.78,0.79,Liverpool,0.8,1.0,1.0
5.0,5.0,260.0,3087,1.0,34.0,0.8,0.6,0.8,18,35.5950581,0.85,-82.5514869,0.6,0.79,Asheville,0.8,0.8,1.0
4.37,4.37,249.5,2857,0.8,32.4,0.6,0.6,0.8,0,53.479324,0.84,-2.2484851,1.0,0.79,Manchester,0.8,1.0,0.6
5.38,5.38,215.07,3206,0.62,39.8,0.6,0.8,0.62,28,41.3850639,0.82,2.1734035,1.0,0.79,Barcelona,1.0,0.87,0.8
5.0,5.0,99.0,3071,1.0,34.0,0.8,0.6,0.8,26,42.9633599,0.85,-85.6680863,0.8,0.79,Grand Rapids,0.8,0.8,0.8
5.38,5.38,322.6,3240,0.8,34.5,1.0,0.6,0.8,12,43.7101728,0.85,7.2619532,1.0,0.79,Nice,0.8,0.6,1.0
6.45,6.45,290.34,3247,1.0,34.5,0.8,0.6,1.0,20,43.296482,0.86,5.36978,0.8,0.79,Marseille,0.8,0.6,0.6
5.91,5.91,209.69,2720,0.6,55.9,0.8,0.4,0.8,8,37.983917,0.81,23.7293599,0.8,0.79,Athens,0.8,0.8,0.8
5.0,5.0,250.0,3312,1.0,34.0,0.8,0.6,1.0,12,37.3382082,0.85,-121.8863286,0.6,0.79,San Jose,0.8,0.8,0.8
5.38,5.38,258.08,3006,1.0,28.2,0.8,1.0,1.0,0,52.0704978,0.86,4.3006999,0.6,0.79,The Hague,0.8,0.8,1.0
3.5,3.5,300.0,3523,0.6,53.2,1.0,0.4,1.0,15,8.983333,0.81,-79.516667,0.8,0.79,Panama City,0.8,0.8,1.0
5.0,5.0,150.0,3359,1.0,34.0,0.8,0.6,0.6,24,40.4406248,0.85,-79.9958864,0.8,0.79,Pittsburgh,0.8,0.8,0.8
5.0,5.0,559.0,4029,0.6,34.0,0.8,0.6,0.8,19,37.42565,0.85,-122.13535,0.8,0.79,Palo Alto,0.8,0.8,0.8
3.76,3.76,129.04,2168,1.0,34.5,1.0,0.6,0.8,5,43.604652,0.84,1.444209,0.8,0.79,Toulouse,0.8,0.6,0.78
5.0,5.0,350.0,2834,0.8,34.0,0.8,0.6,0.6,0,35.4675602,0.82,-97.5164276,0.6,0.79,Oklahoma City,0.8,0.8,0.8
4.01,4.01,551.86,3011,1.0,21.8,0.6,0.8,0.8,41,47.5674422,0.85,7.5975507,0.4,0.79,Basel,0.8,0.6,1.0
5.66,5.66,298.09,2541,1.0,22.5,0.8,0.8,0.8,16,-16.9203338,0.86,145.7708595,1.0,0.78,Cairns,0.4,0.8,0.8
6.45,6.45,204.31,3161,0.8,43.1,0.6,0.6,1.0,14,43.7695604,0.83,11.2558136,1.0,0.78,Florence,0.8,0.4,0.8
5.56,5.56,92.52,1998,0.8,35.1,0.6,0.6,0.8,37,33.5987303,0.85,130.3172099,0.8,0.78,Fukuoka,1.0,0.6,1.0
1.79,1.79,157.93,1886,0.6,52.9,0.6,0.6,1.0,38,46.766667,0.79,23.583333,0.93,0.78,Cluj,0.8,0.4,0.6
4.14,4.14,235.14,3178,0.6,21.2,0.6,1.0,0.8,13,59.8921328,0.84,10.7940429,0.6,0.78,Oslo,0.8,0.8,0.8
5.0,5.0,100.0,3179,0.8,34.0,0.6,0.6,0.8,47,38.6270025,0.83,-90.1994042,0.6,0.78,St. Louis,0.8,0.8,0.6
0.0,0.0,5.61,1575,0.4,74.9,0.8,0.2,0.6,8,-8.6726769,0.74,115.1542222,0.8,0.78,Denpasar,0.8,0.4,0.8
1.87,1.87,261.86,2114,0.6,74.9,0.6,0.2,1.0,5,-8.6478175,0.76,115.1385192,0.6,0.78,Canggu,0.8,0.8,0.8
1.69,1.69,177.31,1734,0.6,70.4,0.2,0.2,1.0,0,20.6295586,0.74,-87.0738851,1.0,0.78,Playa del Carmen,0.8,0.0,0.8
1.46,1.46,233.07,1870,0.4,65.3,0.4,0.4,0.82,12,-19.9166813,0.73,-43.9344931,0.6,0.78,Belo Horizonte,0.8,0.8,0.48
2.99,2.99,281.82,1966,1.0,36.1,1.0,0.6,0.96,99,33.4924276,0.84,126.5201336,0.6,0.78,Jeju Island,0.4,0.45,1.0
5.0,5.0,400.0,3159,0.8,34.0,1.0,0.6,1.0,33,40.7607793,0.87,-111.8910474,0.6,0.78,Salt Lake City,0.8,0.8,0.8
2.58,2.58,89.37,2081,1.0,23.8,0.6,0.8,0.8,0,46.8032826,0.82,-71.242796,0.4,0.78,Quebec City,0.8,1.0,0.8
4.37,4.37,311.88,2687,1.0,32.4,0.6,0.6,0.8,0,52.9547832,0.83,-1.1581086,0.8,0.78,Nottingham,0.8,1.0,0.6
2.38,2.38,212.16,3765,1.0,32.9,0.6,0.2,0.62,55,1.2800945,0.86,103.8509491,1.0,0.78,Singapore,0.6,0.8,1.0
2.43,2.43,121.7,2128,0.4,40.7,0.6,0.6,0.8,21,52.2296756,0.8,21.0122287,1.0,0.78,Warsaw,0.8,0.4,0.62
6.24,6.24,249.5,3020,0.8,32.4,0.44,0.6,0.8,14,51.5073509,0.82,-0.1277583,1.0,0.78,London,0.8,1.0,0.6
2.69,2.69,76.35,1519,0.6,47.4,0.6,0.8,0.6,28,56.9707259,0.75,24.1298491,0.44,0.78,Riga,0.8,0.0,0.6
7.55,7.55,290.54,3135,1.0,22.5,0.2,0.8,0.8,7,-27.4710107,0.83,153.0234489,0.6,0.78,Brisbane,0.8,0.8,1.0
3.32,3.32,221.57,2596,1.0,23.8,0.6,0.8,0.8,0,44.6488625,0.82,-63.5753196,0.4,0.77,Halifax,0.8,1.0,0.6
5.0,5.0,21.0,2564,0.8,34.0,0.8,0.6,0.8,23,35.2030728,0.85,-80.9796106,0.8,0.77,Charlotte,0.4,0.6,1.0
5.0,5.0,350.0,4217,0.8,34.0,0.6,0.6,1.0,61,40.0149856,0.93,-105.2705456,0.8,0.77,Boulder,0.8,0.8,0.8
1.08,1.08,129.04,2054,1.0,43.4,1.0,0.8,1.0,13,59.4369608,0.8,24.7535746,0.8,0.77,Tallinn,0.8,1.0,0.8
5.31,5.31,88.48,2327,0.8,36.2,0.4,0.8,0.6,7,-34.883611,0.79,-56.181944,0.4,0.77,Montevideo,0.8,0.8,0.6
7.5,7.5,35.0,3281,0.8,34.0,0.6,0.6,1.0,18,48.74908,0.83,-122.4781473,0.4,0.77,Bellingham,0.8,0.8,0.8
1.93,1.93,266.01,1510,0.6,70.4,0.4,0.2,0.8,0,19.4326077,0.72,-99.133208,1.0,0.77,Mexico City,0.8,0.0,0.42
4.53,4.53,565.99,2986,0.8,22.5,0.2,0.8,1.0,20,-28.0172605,0.83,153.4256987,0.6,0.77,Gold Coast,0.4,0.8,0.6
6.62,6.62,92.52,2170,0.8,35.1,0.6,0.6,0.8,15,35.1680298,0.83,136.8415599,0.6,0.77,Nagoya,1.0,0.6,1.0
3.7,3.7,92.52,2127,0.8,35.1,1.0,0.6,0.8,10,34.6937378,0.81,135.5021651,0.8,0.77,Osaka,0.8,0.6,1.0
1.41,1.41,135.65,812,1.0,78.8,0.2,0.2,0.8,15,7.6556,0.73,99.0419,0.43,0.77,Ko Lanta,0.4,0.4,0.8
6.0,6.0,199.0,4306,1.0,34.0,0.6,0.6,1.0,6,21.3069444,0.88,-157.8583333,0.8,0.77,Honolulu,0.8,0.8,1.0
2.42,2.42,116.26,1120,0.2,75.5,0.6,0.4,0.6,16,50.4501,0.64,30.5234,0.6,0.77,Kiev,1.0,0.38,0.4
2.58,2.58,349.25,2855,0.6,52.2,0.6,0.522,0.6,23,22.2076589,0.81,113.5499505,0.6,0.77,Macau,0.4,0.0,0.6
5.05,5.05,35.0,2597,0.8,34.0,0.8,0.6,0.8,23,39.1362562,0.84,-84.6804857,0.8,0.77,Cincinnati,0.8,0.6,1.0
3.69,3.69,88.63,2472,1.0,23.8,0.6,0.8,1.0,0,45.4215296,0.84,-75.6971931,0.4,0.77,Ottawa,0.8,1.0,1.0
5.0,5.0,500.0,3535,0.8,34.0,0.6,0.6,1.0,52,39.9611755,0.83,-82.9987942,0.6,0.77,Columbus,0.8,0.8,0.8
4.37,4.37,99.8,3238,1.0,32.4,0.4,0.6,0.8,0,55.953252,0.84,-3.188267,1.0,0.77,Edinburgh,0.8,1.0,1.0
7.11,7.11,60.39,2810,0.8,21.3,0.2,0.8,0.8,7,-36.8484597,0.82,174.7633315,0.6,0.77,Auckland,0.8,1.0,1.0
3.23,3.23,215.07,1964,0.8,29.2,0.4,0.8,1.0,20,40.6405055,0.8,-8.6537539,0.58,0.76,Aveiro,0.4,0.6,0.82
3.77,3.77,237.72,2248,1.0,22.5,1.0,0.8,1.0,30,-42.8819032,0.88,147.3238148,0.6,0.76,Hobart,0.4,0.8,0.8
1.75,1.75,142.21,1206,0.4,67.0,0.0,0.4,0.6,15,41.9973462,0.69,21.4279956,0.4,0.76,Skopje,0.8,0.0,0.6
4.0,4.0,366.0,2590,1.0,34.0,0.8,0.6,0.8,70,29.651634,0.83,-82.324829,0.6,0.76,Gainesville,0.4,0.76,0.8
6.62,6.62,92.52,2258,0.8,35.1,0.6,0.6,0.8,27,34.39383,0.82,132.3716599,0.8,0.76,Hiroshima,0.4,0.6,0.8
2.92,2.92,145.84,2147,1.0,74.9,0.8,0.2,1.0,6,31.230416,0.76,121.473701,0.96,0.76,Shanghai,0.8,0.8,0.82
4.37,4.37,248.26,3273,0.0,32.4,0.8,0.6,0.8,0,50.82253,0.84,-0.137163,0.8,0.76,Brighton,0.8,1.0,0.8
1.52,1.52,77.34,1275,0.6,70.4,1.0,0.2,0.8,0,21.161908,0.76,-86.8515279,1.0,0.76,Cancun,0.4,0.0,0.8
4.63,4.63,616.1,2908,0.8,34.0,0.8,0.6,1.0,27,30.4413992,0.88,-91.2487482,1.0,0.76,Baton Rouge,0.8,0.6,0.8
5.24,5.24,92.52,2062,0.6,35.1,0.8,0.6,0.6,12,35.4619298,0.81,139.5492099,0.6,0.76,Yokohama,0.4,0.6,1.0
4.37,4.37,324.36,2874,0.8,32.4,0.4,0.6,1.0,0,52.205337,0.82,0.121817,0.4,0.76,Cambridge,0.8,1.0,1.0
2.43,2.43,121.7,2478,0.42,40.7,0.6,0.6,0.8,30,51.1078852,0.77,17.0385376,0.6,0.76,Wrocław,0.8,0.4,0.6
5.38,5.38,161.3,3292,0.6,22.5,0.4,0.8,0.6,31,53.3498053,0.83,-6.2603097,1.0,0.76,Dublin,0.8,1.0,0.96
8.6,8.6,268.83,3500,0.6,43.1,0.2,0.6,0.8,29,45.070312,0.79,7.6868565,0.4,0.76,Turin,0.8,0.4,0.8
4.0,4.0,150.0,2489,0.8,34.0,1.0,0.6,1.0,28,39.7284944,0.84,-121.8374777,1.0,0.76,Chico,0.4,0.8,0.8
4.06,4.06,240.03,3061,1.0,23.8,1.0,0.8,1.0,0,48.4284207,0.83,-123.3656444,0.6,0.76,Victoria,0.8,1.0,1.0
3.63,3.63,21.35,1725,0.8,36.1,1.0,0.6,0.8,37,36.3730796,0.82,127.3187599,0.6,0.76,Daejeon,1.0,0.6,1.0
5.66,5.66,301.86,2895,0.8,22.5,0.6,0.8,1.0,18,-33.8674869,0.8,151.2069902,0.4,0.76,Sydney,0.8,0.8,0.8
3.0,3.0,503.0,3117,0.6,34.0,0.8,0.6,0.8,27,35.1811269,0.83,-111.7480437,0.8,0.76,Flagstaff,0.4,0.6,0.8
4.37,4.37,37.43,2720,1.0,32.4,0.4,0.6,1.0,0,55.864237,0.86,-4.251806,0.8,0.76,Glasgow,0.8,1.0,1.0
6.62,6.62,92.52,2082,0.6,35.1,0.8,0.6,0.4,24,38.2702292,0.79,140.79686,0.4,0.76,Sendai,0.6,0.6,1.0
6.45,6.45,150.55,2927,1.0,34.5,0.6,0.6,0.8,14,50.62925,0.84,3.057256,0.8,0.76,Lille,0.4,0.6,0.93
0.75,0.75,74.9,1329,0.9,73.9,0.4,0.2,1.0,21,53.9045398,0.72,27.5615244,0.6,0.76,Minsk,0.8,0.0,0.64
5.53,5.53,92.52,2250,0.6,35.1,0.8,0.6,0.6,24,43.0594286,0.82,141.3004602,0.6,0.76,Sapporo,0.8,0.6,1.0
6.45,6.45,161.3,3036,0.8,34.5,0.6,0.6,0.8,8,45.764043,0.82,4.835659,0.6,0.76,Lyon,0.8,0.6,0.8
4.37,4.37,124.75,2855,0.82,32.4,1.0,0.6,1.0,0,54.978252,0.8,-1.61778,1.0,0.75,Newcastle Upon Tyne,0.8,1.0,0.8
7.5,7.5,250.0,3587,1.0,34.0,0.8,0.6,0.8,55,38.8462236,0.85,-77.3063733,0.8,0.75,Fairfax,0.8,0.8,0.8
4.3,4.3,16.13,2124,0.8,34.5,0.4,0.6,0.8,36,47.218371,0.81,-1.553621,0.42,0.75,Nantes,0.4,0.6,0.8
4.38,4.38,150.0,2561,1.0,34.0,0.8,0.6,0.8,29,35.1495343,0.82,-90.0489801,0.6,0.75,Memphis,0.8,0.8,0.8
4.5,4.5,366.0,3076,1.0,34.0,0.8,0.6,0.8,13,43.6187102,0.84,-116.2146068,1.0,0.75,Boise,0.8,0.8,0.8
2.43,2.43,48.68,2208,0.44,40.7,0.6,0.6,0.6,0,50.0646501,0.76,19.9449799,0.6,0.75,Kraków,0.8,0.4,0.64
1.77,1.77,86.03,2030,0.6,29.2,0.4,0.8,0.8,21,32.6600388,0.79,-16.9596901,0.6,0.75,Funchal,0.4,0.6,0.8
5.05,5.05,92.52,2105,0.8,35.1,0.6,0.6,0.8,12,33.8712972,0.81,130.5759786,0.6,0.75,Kitakyushu,0.8,0.6,1.0
3.79,3.79,197.02,1883,0.4,81.0,1.0,0.2,0.4,13,55.755826,0.59,37.6173,1.0,0.75,Moscow,1.0,0.6,0.6
2.58,2.58,132.88,1394,0.4,79.6,0.4,0.2,0.4,5,28.4594965,0.68,77.0266383,0.4,0.75,Gurgaon,0.8,0.2,0.6
5.0,5.0,250.0,2883,0.8,34.0,0.6,0.6,1.0,38,41.6005448,0.83,-93.6091064,0.6,0.75,Des Moines,0.4,0.8,0.8
5.38,5.38,193.56,2808,0.8,39.8,0.6,0.8,0.8,43,43.2630126,0.8,-2.9349852,0.4,0.75,Bilbao,0.2,0.4,0.6
1.5,1.5,182.5,1516,0.0,41.9,0.4,0.8,1.0,18,-33.4691199,0.72,-70.641997,0.4,0.75,Santiago,0.8,0.8,0.6
4.0,4.0,458.0,3553,0.6,34.0,0.8,0.6,0.6,0,38.707982,0.82,-77.088364,0.6,0.75,Mount Vernon,0.8,0.6,0.8
5.0,5.0,90.0,2334,1.0,34.0,0.8,0.6,0.8,13,35.9606384,0.81,-83.9207392,0.4,0.75,Knoxville,0.4,0.8,0.8
0.0,0.0,251.44,2695,0.8,73.00000000000001,0.8,0.6,0.6,25,24.9853699,0.85,121.0842928,0.8,0.75,New Taipei City,0.8,0.6,0.8
4.3,4.3,161.3,2128,1.0,28.6,0.0,0.8,0.78,47,51.3396955,0.8,12.3730747,0.6,0.74,Leipzig,0.4,0.8,0.8
1.35,1.35,87.43,1014,0.8,72.0,0.62,0.6,0.82,10,44.816667,0.71,20.466667,1.0,0.74,Belgrade,0.8,0.62,0.8
5.0,5.0,406.26,3013,0.8,34.0,0.6,0.6,0.8,80,40.2338438,0.84,-111.6585337,0.8,0.74,Provo,0.6,0.8,0.8
5.0,5.0,79.0,2617,0.0,34.0,0.0,0.6,0.8,56,41.223,0.8,-111.9738304,0.8,0.74,Ogden,0.6,0.8,0.8
5.0,5.0,300.0,2604,0.8,34.0,0.6,0.6,0.6,13,39.5296329,0.8,-119.8138027,1.0,0.74,Reno,0.2,0.8,0.6
4.3,4.3,311.84,2687,1.0,28.6,0.2,0.8,0.8,0,51.2277411,0.79,6.7734556,0.62,0.74,Dusseldorf,0.8,0.8,1.0
1.93,1.93,217.65,1958,0.6,70.4,0.0,0.2,0.8,13,20.6596988,0.72,-103.3496092,1.0,0.74,Guadalajara,0.4,0.0,0.24
4.37,4.37,342.44,3367,1.0,32.4,0.6,0.6,0.8,0,52.486243,0.88,-1.890401,0.4,0.74,Birmingham,0.8,1.0,1.0
5.54,5.54,221.57,3002,0.6,23.8,0.2,0.8,0.8,0,51.0486151,0.79,-114.0708459,0.6,0.74,Calgary,0.8,0.96,0.6
5.59,5.59,139.0,2243,0.8,34.0,0.8,0.6,0.6,27,36.7671458,0.83,-76.3278513,0.8,0.74,Virginia Beach,0.4,0.6,0.8
1.89,1.89,132.98,1310,0.6,34.0,0.8,0.6,0.6,34,42.3027307,0.78,-85.2850275,0.6,0.74,Battle Creek,0.6,0.6,0.6
8.67,8.67,270.94,4850,1.0,21.5,0.2,1.0,0.8,32,55.6760968,0.84,12.5683371,1.0,0.74,Copenhagen,0.8,0.98,1.0
8.06,8.06,322.6,3944,0.8,34.5,0.6,0.6,0.64,15,48.856614,0.81,2.3522219,1.0,0.74,Paris,0.8,0.8,0.6
5.0,5.0,125.0,4083,0.8,34.0,1.0,0.6,1.0,19,34.0522342,0.84,-118.2436849,1.0,0.74,Los Angeles,1.0,0.8,0.6
4.3,4.3,215.07,2181,1.0,28.6,0.4,0.8,0.6,38,49.0068901,0.8,8.4036527,0.22,0.74,Karlsruhe,0.4,0.8,1.0
7.25,7.25,400.0,4072,0.8,34.0,0.6,0.6,0.8,9,40.735657,0.82,-74.1723667,0.8,0.74,Newark,0.8,0.8,0.75
4.3,4.3,118.29,2009,1.0,29.2,0.6,0.8,0.8,21,40.2033145,0.78,-8.4102573,0.6,0.74,Coimbra,0.4,0.6,0.6
7.5,7.5,375.0,4750,0.78,34.0,1.0,0.6,0.8,27,40.7127837,0.83,-74.0059413,1.0,0.74,New York City,0.8,0.8,0.6
3.49,3.49,268.83,2281,0.8,43.1,1.0,0.6,0.6,19,43.7228386,0.75,10.4016888,0.8,0.74,Pisa,1.0,0.4,0.8
2.96,2.96,215.07,2077,0.8,43.1,1.0,0.6,0.8,13,45.4064349,0.76,11.8767611,1.0,0.74,Padova,0.4,0.4,0.8
4.37,4.37,187.13,3012,0.8,32.4,0.6,0.6,1.0,0,53.8007554,0.83,-1.5490774,0.8,0.74,Leeds,0.4,1.0,0.8
10.03,10.03,551.86,5354,1.0,21.8,1.0,0.8,0.8,37,47.3686498,0.86,8.5391825,0.6,0.74,Zurich,0.8,0.6,1.0
5.0,5.0,325.0,3168,0.8,34.0,1.0,0.6,1.0,85,35.0456297,0.82,-85.3096801,0.6,0.74,Chattanooga,0.4,0.8,0.8
2.09,2.09,170.05,1187,0.82,69.6,0.64,0.6,0.64,10,40.183333,0.68,44.516667,0.64,0.74,Yerevan,0.8,0.0,0.82
0.75,0.75,5.61,1488,0.4,74.9,0.4,0.2,0.8,0,-8.7262899,0.72,115.13657,0.4,0.74,Kuta,0.8,0.4,0.6
1.41,1.41,195.38,1134,0.6,78.8,0.6,0.2,1.0,12,19.8758052,0.76,99.7388804,0.8,0.74,Chiang Rai,0.6,0.6,0.6
1.57,1.57,219.39,1456,0.8,59.4,1.0,0.6,0.6,7,24.1477358,0.77,120.6736482,0.4,0.74,Taichung,0.6,0.0,0.8
5.66,5.66,415.06,2934,1.0,22.5,0.2,0.8,0.8,6,-37.814107,0.8,144.96328,0.8,0.74,Melbourne,0.6,0.8,0.82
2.78,2.78,508.87,2541,0.8,35.1,0.4,0.6,0.8,1,35.6894875,0.89,139.6917064,1.0,0.74,Tokyo,1.0,0.2,1.0
0.97,0.97,78.64,1290,0.6,70.4,0.4,0.2,0.6,7,32.5149469,0.66,-117.0382471,1.0,0.73,Tijuana,0.4,0.0,0.4
3.23,3.23,21.35,1486,0.8,36.1,1.0,0.6,0.8,27,35.1766194,0.82,126.7037153,0.6,0.73,Gwangju,1.0,0.6,1.0
5.38,5.38,161.3,2956,0.6,22.5,0.4,0.8,0.8,17,51.8968917,0.81,-8.4863157,0.6,0.73,Cork,0.4,1.0,1.0
5.38,5.38,268.83,2841,0.0,28.2,0.8,1.0,0.8,36,51.85,0.8,5.8667,0.6,0.73,Nijmegen,0.4,0.8,0.8
5.38,5.38,145.17,3542,0.8,39.8,0.8,0.8,0.8,0,39.5696005,0.83,2.6501603,1.0,0.73,Palma De Mallorca,0.8,0.4,0.8
3.27,3.27,15.38,2290,0.6,48.4,0.2,0.6,1.0,5,-34.92125,0.74,-57.9543333,1.0,0.73,La Plata,0.4,0.8,0.4
5.0,5.0,500.0,4183,0.8,34.0,1.0,0.6,1.0,55,40.6460622,0.88,-111.4979729,1.0,0.73,Park City,0.8,0.8,0.8
4.3,4.3,387.12,2484,1.0,28.6,0.6,0.8,0.8,20,53.0792962,0.81,8.8016937,1.0,0.73,Bremen,0.8,0.8,1.0
4.37,4.37,355.77,2984,1.0,22.6,0.8,0.8,1.0,35,57.70887,0.87,11.97456,1.0,0.73,Gothenburg,0.8,0.8,0.8
2.69,2.69,107.53,1656,0.8,55.9,0.6,0.4,0.8,0,40.6400629,0.75,22.9444191,1.0,0.73,Thessaloniki,0.4,0.4,0.8
5.38,5.38,258.08,3314,0.8,28.2,0.8,1.0,0.98,10,52.3702157,0.8,4.8951679,1.0,0.73,Amsterdam,0.8,0.8,0.8
5.38,5.38,436.86,2765,0.6,39.8,0.6,0.8,0.8,23,38.3459963,0.84,-0.4906855,1.0,0.73,Alicante,0.6,0.45,0.8
4.0,4.0,150.0,2586,1.0,34.0,1.0,0.6,0.8,20,30.3321838,0.83,-81.655651,0.6,0.73,Jacksonville,0.4,0.8,0.6
1.61,1.61,149.47,1487,0.8,44.9,0.4,0.8,0.6,32,48.1458923,0.75,17.1071373,0.6,0.73,Bratislava,0.6,0.0,0.8
2.36,2.36,25.0,1542,0.75,77.3,0.75,0.2,0.75,12,36.9914,0.71,35.3308,0.6,0.73,Adana,0.6,0.56,0.93
5.0,5.0,350.0,2959,0.8,34.0,0.6,0.6,1.0,61,46.8771863,0.81,-96.7898034,0.6,0.73,Fargo,0.4,0.8,0.8
4.5,4.5,39.0,2421,1.0,34.0,1.0,0.6,1.0,35,36.7468422,0.84,-119.7725868,1.0,0.73,Fresno,0.4,0.8,0.8
3.76,3.76,305.67,3086,1.0,18.8,1.0,1.0,0.8,32,61.4981508,0.83,23.7610254,0.8,0.73,Tampere,0.8,0.8,1.0
5.91,5.91,481.75,2951,0.8,64.0,0.4,0.8,0.4,20,35.166667,0.71,33.366667,0.8,0.73,Nicosia,0.4,0.6,0.6
3.62,3.62,451.95,2373,0.6,45.1,0.8,0.8,0.8,5,9.658333,0.77,-82.752778,0.6,0.73,Puerto Viejo,0.4,0.8,0.6
1.81,1.81,116.08,2041,0.6,70.4,0.4,0.2,1.0,11,25.6866142,0.72,-100.3161126,0.6,0.73,Monterrey,0.6,0.0,0.6
1.45,1.45,118.01,1716,0.6,70.4,0.6,0.2,1.0,0,20.5887932,0.72,-100.3898881,0.76,0.73,Queretaro,0.4,0.0,0.8
5.0,5.0,215.0,3386,0.8,34.0,0.4,0.6,0.8,28,39.165325,0.81,-86.5263857,0.6,0.73,Bloomington,0.4,0.8,0.8
5.54,5.54,350.08,3170,1.0,23.8,0.8,0.8,1.0,0,43.45,0.84,-80.483333,0.4,0.73,Kitchener,0.4,1.0,1.0
6.45,6.45,215.07,2827,0.8,34.5,1.0,0.6,0.8,27,45.188529,0.8,5.724524,1.0,0.73,Grenoble,0.4,0.6,0.6
1.07,1.07,87.36,1916,0.8,52.4,0.8,0.6,0.8,45,44.119371,0.75,15.2313648,0.4,0.73,Zadar,0.8,0.4,0.8
1.61,1.61,129.04,3073,0.8,39.8,0.4,0.8,0.8,10,28.7315,0.81,-13.8688,0.44,0.73,Corralejo,0.8,0.62,1.0
7.5,7.5,295.0,3943,0.6,34.0,0.8,0.6,0.6,17,39.2903848,0.75,-76.6121893,0.6,0.73,Baltimore,0.8,0.4,0.4
1.61,1.61,129.04,1565,0.8,44.9,0.6,0.8,0.6,12,48.7210053,0.74,21.2577999,0.4,0.73,Kosice,0.4,0.0,0.6
4.84,4.84,182.81,2383,0.8,39.8,0.6,0.8,0.8,0,43.3623436,0.79,-8.4115401,0.6,0.73,A Coruna,0.4,0.4,0.8
4.0,4.0,401.38,2593,0.6,34.0,0.8,0.6,0.6,26,37.6986795,0.81,-97.6241447,0.6,0.73,Wichita,0.6,0.6,0.8
2.56,2.56,119.27,2198,0.8,40.7,0.8,0.6,0.6,27,53.4285438,0.76,14.5528116,0.6,0.73,Szczecin,0.4,0.4,0.8
2.62,2.62,131.1,1988,0.4,65.3,0.4,0.4,0.8,8,-25.4200388,0.68,-49.2650973,1.0,0.73,Curitiba,0.8,0.8,0.6
5.32,5.32,212.69,3139,0.8,21.2,0.6,1.0,0.8,15,63.4305149,0.82,10.3950528,0.8,0.73,Trondheim,0.4,0.8,1.0
3.23,3.23,102.16,1908,0.6,33.9,0.6,0.6,1.0,14,46.0569465,0.79,14.5057515,0.8,0.73,Ljubljana,0.8,0.0,0.8
5.0,5.0,100.0,3316,0.6,34.0,0.0,0.6,0.6,30,41.49932,0.79,-81.6943605,0.8,0.73,Cleveland,0.4,0.8,0.6
1.83,1.83,121.7,1929,0.8,40.7,0.44,0.6,0.6,25,51.2464536,0.76,22.5684463,0.6,0.73,Lublin,0.4,0.4,1.0
4.3,4.3,268.83,2218,1.0,28.6,0.2,0.8,0.8,21,50.927054,0.8,11.5892372,1.0,0.73,Jena,0.4,0.8,1.0
6.0,6.0,250.0,2618,0.6,34.0,0.6,0.6,1.0,16,18.3848264,0.78,-66.0583415,1.0,0.73,San Juan,0.4,0.8,0.8
1.21,1.21,98.38,1611,0.62,70.4,0.6,0.2,1.0,0,20.653407,0.74,-105.2253316,1.0,0.73,Puerto Vallarta,0.4,0.0,0.82
1.54,1.54,123.08,2152,0.6,48.4,0.4,0.6,0.6,12,-37.9798584,0.69,-57.5897942,0.4,0.73,Mar del Plata,0.4,0.8,0.4
3.32,3.32,147.71,2060,1.0,23.8,0.8,0.8,1.0,0,43.8970929,0.8,-78.8657912,0.6,0.72,Oshawa,0.4,1.0,1.0
4.3,4.3,127.96,2342,0.8,43.1,0.6,0.6,1.0,12,44.4056499,0.77,8.946256,1.0,0.72,Genoa,0.4,0.45,0.8
1.57,1.57,95.59,1160,1.0,76.4,1.0,0.6,1.0,9,22.6272784,0.82,120.3014353,0.6,0.72,Kaohsiung,0.4,0.0,1.0
2.75,2.75,148.59,2037,0.6,53.7,1.0,0.4,0.8,20,42.6977082,0.71,23.3218675,0.8,0.72,Sofia,0.8,0.4,0.6
4.0,4.0,486.78,4499,0.8,34.0,0.8,0.6,0.8,27,24.5646035,0.87,-81.8152815,1.0,0.72,Key West,0.8,0.6,0.8
6.62,6.62,92.52,2216,0.8,35.1,0.4,0.6,0.6,13,26.2112223,0.8,127.6176341,0.4,0.72,Naha,1.0,0.6,1.0
4.3,4.3,168.83,2371,0.8,39.8,0.4,0.8,1.0,0,36.721261,0.78,-4.4212655,0.64,0.72,Malaga,0.4,0.45,0.8
0.0,0.0,251.44,1398,0.8,71.8,0.8,0.6,0.6,5,23.1503761,0.79,120.0656768,0.6,0.72,Tainan,0.6,0.6,0.8
1.08,1.08,129.04,1779,1.0,43.4,1.0,0.8,1.0,24,58.3776252,0.76,26.7290063,0.4,0.72,Tartu,0.4,1.0,1.0
8.06,8.06,645.2,3972,0.6,43.1,0.2,0.6,0.8,10,41.8723889,0.76,12.4801802,0.6,0.72,Rome,0.8,0.4,0.6
8.31,8.31,296.9,3605,1.0,23.8,0.8,0.8,1.0,0,49.69349,0.84,-112.84184,0.79,0.72,Lethbridge,0.82,1.0,1.0
5.0,5.0,200.0,3191,0.8,34.0,0.6,0.6,0.8,52,41.5048158,0.8,-73.9695832,0.4,0.72,Beacon,0.4,0.8,0.8
5.54,5.54,274.74,3258,1.0,23.8,0.8,0.8,1.0,0,49.8879519,0.84,-119.4960106,0.6,0.72,Kelowna,0.4,1.0,1.0
6.24,6.24,249.5,3881,0.8,71.80000000000001,0.4,0.7180000000000001,0.8,19,36.1407734,0.79,-5.3535994,0.6,0.72,Gibraltar,0.6,0.6,0.6
0.78,0.78,62.01,543,0.2,75.5,0.6,0.4,1.0,13,49.839683,0.62,24.029717,0.4,0.72,Lviv,0.8,0.4,0.4
5.0,5.0,450.0,3498,1.0,34.0,0.8,0.6,0.8,29,42.2808256,0.81,-83.7430378,0.6,0.72,Ann Arbor,0.4,0.8,0.8
2.69,2.69,268.83,1893,0.6,43.1,1.0,0.6,1.0,13,44.494887,0.72,11.3426163,0.6,0.72,Bologna,0.4,0.4,0.6
1.0,1.0,104.48,1328,0.6,78.9,0.6,0.6,1.0,15,41.716667,0.71,44.783333,0.44,0.72,Tbilisi,0.4,0.4,0.8
2.12,2.12,113.04,1134,0.2,78.8,0.6,0.2,1.0,9,12.9276,0.66,100.8771,0.8,0.72,Pattaya,0.4,0.4,0.56
5.38,5.38,190.23,3037,0.6,43.1,0.6,0.6,0.6,11,45.5796408,0.77,9.2059469,0.6,0.72,Monza,0.8,0.6,0.8
4.0,4.0,457.5,3674,0.6,34.0,0.8,0.6,0.8,41,40.3439888,0.8,-74.6536368,0.8,0.72,Princeton,1.0,0.6,0.8
4.24,4.24,273.35,2712,1.0,22.6,0.4,0.8,0.78,0,55.604981,0.8,13.003822,0.8,0.72,Malmo,0.4,0.8,1.0
2.12,2.12,63.51,2271,0.2,78.0,0.6,0.2,1.0,5,31.9565783,0.68,35.9456951,0.6,0.72,Amman,0.8,0.0,0.6
5.91,5.91,480.48,3735,1.0,21.2,0.0,1.0,0.8,32,62.4722284,0.82,6.149482,0.6,0.72,Aalesund,0.6,0.8,1.0
6.0,6.0,299.0,3300,0.8,34.0,0.8,0.6,1.0,5,26.7153424,0.81,-80.0533746,1.0,0.72,West Palm Beach,0.4,0.8,0.6
2.69,2.69,268.83,2143,0.6,42.4,0.6,0.8,1.0,13,54.6871555,0.75,25.2796514,0.6,0.71,Vilnius,0.4,0.8,0.8
10.03,10.03,816.49,5381,0.8,21.8,0.6,0.8,1.0,25,46.1983922,0.87,6.1422961,0.6,0.71,Geneva,0.8,0.6,1.0
4.37,4.37,37.43,2635,0.8,32.4,0.6,0.6,1.0,0,52.6368778,0.79,-1.1397592,0.8,0.71,Leicester,0.4,1.0,0.8
5.0,5.0,200.0,3188,0.8,34.0,0.6,0.6,0.8,22,39.768403,0.78,-86.158068,0.4,0.71,Indianapolis,0.4,0.8,0.6
5.0,5.0,524.6,3545,0.6,34.0,0.8,0.6,0.6,33,33.6738949,0.81,-112.1386422,0.8,0.71,Scottsdale,0.6,0.6,0.8
0.69,0.69,92.16,1330,0.4,66.1,0.6,0.2,0.38,3,3.139003,0.72,101.686855,0.2,0.71,Kuala Lumpur,1.0,0.0,0.6
4.9,4.9,590.48,3312,0.8,34.0,0.6,0.6,0.6,20,36.1519752,0.82,-96.1581975,0.6,0.71,Tulsa,0.4,0.6,0.8
4.3,4.3,106.46,2230,1.0,28.6,0.8,0.8,1.0,26,51.0504088,0.83,13.7372621,0.8,0.71,Dresden,0.4,0.8,1.0
6.45,6.45,161.3,3282,1.0,22.5,0.6,0.8,0.8,28,53.270668,0.86,-9.0567905,0.8,0.71,Galway,0.4,1.0,0.82
3.23,3.23,262.38,1937,0.8,55.9,0.4,0.4,0.6,9,38.2466395,0.73,21.734574,1.0,0.71,Patras,0.4,0.4,0.8
4.37,4.37,299.4,2863,1.0,32.4,0.6,0.6,1.0,0,50.719164,0.81,-1.880769,0.8,0.71,Bournemouth,0.4,1.0,1.0
5.91,5.91,481.47,3110,0.8,64.0,0.8,0.8,1.0,9,34.7071301,0.76,33.0226174,0.6,0.71,Limassol,0.6,0.6,1.0
3.78,3.78,95.57,1763,0.6,70.8,0.4,0.6,0.8,7,18.466667,0.69,-69.95,1.0,0.71,Santo Domingo,0.4,0.8,0.4
5.0,5.0,570.0,4879,0.8,34.0,1.0,0.6,1.0,9,37.7749295,0.83,-122.4194155,1.0,0.71,San Francisco,0.8,0.8,0.62
3.76,3.76,107.53,2115,1.0,43.1,0.8,0.6,0.8,16,46.0700915,0.75,11.1197626,0.6,0.71,Trento,0.8,0.4,0.8
5.33,5.33,433.41,2751,1.0,21.3,0.8,0.8,0.8,22,-45.8787605,0.83,170.5027976,0.8,0.71,Dunedin,0.4,1.0,1.0
7.5,7.5,400.0,4317,1.0,34.0,1.0,0.6,0.8,32,38.9071923,0.79,-77.0368707,1.0,0.71,Washington,0.8,0.8,0.4
5.38,5.38,188.18,3480,0.8,28.2,0.8,1.0,0.8,28,52.3838439,0.84,4.6428787,0.6,0.71,Haarlem,0.4,0.6,1.0
4.37,4.37,280.69,3686,1.0,32.4,1.0,0.6,1.0,0,51.7520209,0.82,-1.2577263,0.8,0.71,Oxford,0.4,1.0,0.6
2.32,2.32,188.61,1325,0.6,65.0,0.6,0.8,0.6,9,17.983333,0.67,-76.8,1.0,0.71,Kingston,0.6,0.0,0.4
3.51,3.51,147.71,2469,1.0,23.8,1.0,0.8,1.0,0,49.183333,0.79,-122.85,0.4,0.71,Surrey,0.4,1.0,1.0
1.85,1.85,221.57,2198,1.0,23.8,0.6,0.8,0.8,0,42.4048018,0.78,-82.1910376,0.4,0.71,Chatham,0.4,1.0,1.0
3.69,3.69,258.5,2523,1.0,23.8,0.8,0.8,1.0,0,49.8997541,0.8,-97.1374937,0.4,0.71,Winnipeg,0.4,1.0,1.0
3.15,3.15,72.92,1114,0.6,74.9,0.4,0.2,0.6,43,36.1000467,0.7,114.2060906,0.6,0.71,Anyang,0.4,0.2,0.6
4.84,4.84,393.57,2881,1.0,18.8,0.8,1.0,1.0,25,60.2054911,0.84,24.6559001,0.8,0.71,Espoo,0.8,0.8,1.0
1.83,1.83,148.48,2160,0.82,40.7,1.0,0.6,1.0,30,54.3520252,0.79,18.6466384,0.8,0.71,Gdansk,0.4,0.4,1.0
3.69,3.69,147.71,2387,1.0,23.8,0.6,0.8,1.0,0,52.1332144,0.79,-106.6700458,0.4,0.71,Saskatoon,0.4,1.0,1.0
4.13,4.13,165.1,2267,0.6,53.7,0.96,0.4,0.8,21,42.1354079,0.74,24.7452904,0.6,0.71,Plovdiv,0.4,0.4,0.8
7.0,7.0,200.0,3634,1.0,34.0,0.6,0.6,1.0,6,19.7297222,0.83,-155.09,0.6,0.71,Hilo,0.8,0.8,1.0
1.21,1.21,304.7,1621,0.6,70.4,0.6,0.2,1.0,9,29.0729673,0.7,-110.9559192,0.6,0.71,Hermosillo,0.4,0.0,0.8
5.0,5.0,299.0,4562,0.6,34.0,0.8,0.6,0.6,20,42.3600825,0.8,-71.0588801,0.6,0.71,Boston,0.8,0.8,0.8
1.53,1.53,124.45,1077,0.8,72.0,0.8,0.6,0.6,17,45.2671352,0.68,19.8335496,0.6,0.7,Novi Sad,0.6,0.6,0.6
4.3,4.3,350.28,3001,1.0,18.8,1.0,1.0,0.8,20,60.4518126,0.8,22.2666303,0.6,0.7,Turku,0.8,0.8,1.0
2.15,2.15,268.83,1681,0.8,42.4,0.4,0.8,0.6,32,54.8985207,0.72,23.9035965,0.6,0.7,Kaunas,0.6,0.8,0.6
4.06,4.06,221.57,2400,1.0,23.8,0.6,0.8,0.8,0,44.3893556,0.77,-79.6903316,0.6,0.7,Barrie,0.6,1.0,0.8
2.91,2.91,256.38,2259,0.4,65.3,0.6,0.4,1.0,13,-15.7942287,0.7,-47.8821658,0.2,0.7,Brasilia,0.4,0.8,0.6
6.72,6.72,547.06,3325,0.8,43.1,0.6,0.6,1.0,15,44.6488366,0.76,10.9200867,0.6,0.7,Modena,0.8,0.4,1.0
1.21,1.21,1041.36,2345,0.6,70.4,0.6,0.2,1.0,0,20.9172968,0.71,-100.7453642,0.6,0.7,San Miguel de Allende,0.8,0.0,0.8
4.37,4.37,124.75,3178,0.8,32.4,0.6,0.6,0.8,0,52.6308859,0.79,1.297355,0.8,0.7,Norwich,0.4,1.0,0.8
4.25,4.25,103.4,2535,0.0,23.8,0.6,0.8,0.8,0,50.454722,0.77,-104.606667,0.6,0.7,Regina,0.4,1.0,1.0
3.23,3.23,318.79,2867,0.6,28.6,0.8,0.8,0.6,14,51.5078011,0.8,7.3301801,0.6,0.7,Dortmund,0.8,0.6,1.0
2.02,2.02,152.46,2208,0.64,52.9,0.6,0.6,0.82,36,45.759722,0.73,21.23,1.0,0.7,Timisoara,0.4,0.42,0.8
4.37,4.37,274.45,3178,0.8,32.4,1.0,0.6,1.0,0,51.481581,0.78,-3.17909,0.6,0.7,Cardiff,0.4,1.0,0.6
3.23,3.23,262.38,2593,1.0,18.8,1.0,1.0,0.6,15,65.0126148,0.76,25.4714526,0.4,0.7,Oulu,0.4,0.8,0.8
6.0,6.0,249.0,3152,1.0,34.0,0.8,0.6,0.6,46,34.7303688,0.81,-86.5861037,0.6,0.7,Huntsville,0.4,0.8,0.8
3.49,3.49,355.52,2852,0.6,29.0,0.8,0.8,0.6,34,50.884089,0.79,4.6353905,0.6,0.7,Leuven,0.8,0.6,0.8
3.69,3.69,350.82,3522,1.0,23.8,1.0,0.8,0.62,0,49.261226,0.77,-123.1139268,0.58,0.7,Vancouver,0.8,1.0,0.8
0.0,0.0,525.23,1711,0.6,74.9,0.4,0.2,0.4,78,22.5167,0.69,113.3928,0.4,0.7,Zhongshan,0.4,0.2,0.6
1.1,1.1,164.9,1517,0.6,58.8,0.2,0.6,1.0,16,43.8562586,0.74,18.4130763,0.8,0.7,Sarajevo,0.4,0.0,0.6
4.37,4.37,185.88,2655,0.8,32.4,0.4,0.6,0.6,0,54.597285,0.75,-5.93012,0.6,0.7,Belfast,0.4,1.0,0.6
2.69,2.69,193.56,2334,0.6,43.1,0.6,0.6,0.8,12,45.8080597,0.72,9.0851765,0.6,0.7,Como,0.6,0.4,0.8
2.95,2.95,44.31,2048,1.0,23.8,0.4,0.8,1.0,0,53.544389,0.76,-113.4909267,0.4,0.7,Edmonton,0.4,1.0,0.6
1.84,1.84,172.39,866,0.6,78.8,0.4,0.2,0.8,0,8.0306534,0.7,98.8218095,0.4,0.7,Ao Nang,0.4,0.4,0.6
2.15,2.15,198.94,2426,0.6,39.8,0.6,0.8,0.6,19,42.8157446,0.78,-1.7200615,0.6,0.7,Pamplona,0.4,0.6,0.8
3.76,3.76,346.34,3155,0.6,29.0,0.8,0.8,0.8,67,0.0,0.81,0.0,0.8,0.7,Bruges,0.8,0.6,0.8
9.43,9.43,766.73,4441,1.0,22.5,0.8,0.8,1.0,25,-12.4628271,0.86,130.8417772,0.8,0.7,Darwin,0.4,0.8,0.8
2.91,2.91,84.49,2031,0.56,65.3,0.6,0.4,0.8,9,-22.9099384,0.7,-47.0626332,1.0,0.7,Campinas,0.4,0.8,0.6
7.5,7.5,250.0,3966,1.0,34.0,1.0,0.6,0.8,16,41.0534302,0.79,-73.5387341,0.4,0.7,Stamford,0.4,0.8,0.0
3.4,3.4,680.65,5452,0.62,44.5,0.64,0.4,0.8,6,25.2048,0.78,55.2708,0.43,0.7,Dubai,0.8,0.64,1.0
3.03,3.03,113.67,1724,0.4,81.0,0.6,0.2,0.8,0,59.9342802,0.57,30.3350986,0.4,0.69,Saint Petersburg,1.0,0.64,0.58
5.91,5.91,235.14,3325,0.8,21.2,0.6,1.0,0.8,0,69.6492047,0.79,18.9553238,0.8,0.69,Tromso,0.4,0.8,1.0
0.77,0.77,62.62,1546,0.6,48.4,0.6,0.6,1.0,4,-31.3989296,0.8,-64.1821289,1.0,0.69,Cordoba,0.8,0.8,0.56
7.5,7.5,610.0,3212,1.0,53.7,1.0,0.4,0.8,24,42.5047926,0.76,27.4626361,1.0,0.69,Burgas,0.4,0.4,0.6
2.98,2.98,119.11,2235,0.6,52.9,0.27,0.6,0.6,54,44.4325,0.71,26.103889,0.8,0.69,Bucharest,0.4,0.38,0.62
8.06,8.06,655.95,3819,0.6,43.1,0.4,0.6,0.8,22,40.8517746,0.75,14.2681244,0.4,0.69,Naples,0.4,0.4,0.6
5.38,5.38,322.6,2514,0.8,39.8,0.2,0.8,0.6,6,37.1773363,0.74,-3.5985571,1.0,0.69,Granada,0.4,0.4,0.6
2.19,2.19,291.68,1581,0.6,74.9,0.6,0.2,0.6,18,22.543099,0.66,114.057868,0.6,0.69,Shenzhen,0.4,0.4,0.6
3.76,3.76,309.69,2595,1.0,27.5,0.6,0.8,0.8,14,47.80949,0.76,13.05501,0.4,0.69,Salzburg,0.6,0.6,0.8
3.23,3.23,241.95,2212,1.0,43.1,1.0,0.6,0.8,12,45.6495264,0.73,13.7768182,0.6,0.69,Trieste,0.4,0.4,0.8
5.54,5.54,184.64,2757,1.0,23.8,0.8,0.8,0.6,0,49.1658836,0.77,-123.9400647,0.4,0.69,Nanaimo,0.4,1.0,1.0
4.3,4.3,333.22,3376,0.8,28.2,0.8,1.0,0.8,22,51.5735524,0.82,4.898607,0.6,0.69,Tilburg,0.8,0.6,1.0
4.3,4.3,393.57,2785,1.0,28.6,0.8,0.8,0.8,18,50.7753455,0.8,6.0838868,0.8,0.69,Aachen,0.4,0.8,0.8
0.75,0.75,5.61,593,0.4,74.9,0.4,0.2,0.6,5,-5.1227566,0.62,119.3912294,0.6,0.69,Makassar,0.6,0.4,0.4
1.46,1.46,118.67,1595,0.8,74.9,1.0,0.2,0.8,20,30.2610923,0.66,119.8917005,0.6,0.69,Hangzhou,0.8,0.4,0.6
5.38,5.38,129.04,3030,1.0,18.8,1.0,1.0,1.0,26,60.1733244,0.83,24.9410248,0.8,0.69,Helsinki,0.4,0.8,1.0
1.43,1.43,143.21,1960,0.62,52.4,0.8,0.6,0.8,17,45.8150108,0.72,15.981919,0.6,0.69,Zagreb,0.4,0.42,0.8
1.55,1.55,172.39,1232,0.6,78.8,0.4,0.2,0.6,13,12.5913082,0.66,99.905748,0.6,0.69,Hua Hin,0.4,0.6,0.4
6.5,6.5,150.0,3056,1.0,34.0,1.0,0.6,0.8,13,39.7589478,0.81,-84.1916069,0.6,0.69,Dayton,0.4,0.8,0.8
3.69,3.69,73.12,2298,1.0,23.8,0.6,0.8,1.0,0,43.1593745,0.77,-79.2468626,0.4,0.69,St.Catharines,0.6,1.0,1.0
0.97,0.97,79.25,1699,0.8,40.8,0.4,0.8,0.8,26,49.1950602,0.74,16.6068371,0.6,0.69,Brno,0.4,0.4,0.8
2.6,2.6,23.37,3602,0.6,51.6,0.4,0.2,0.6,6,23.5859,0.75,58.4059,0.4,0.69,Muscat,0.6,0.0,0.8
5.54,5.54,450.52,3238,1.0,23.8,0.8,0.8,1.0,0,46.0878165,0.8,-64.7782313,0.6,0.69,Moncton,0.8,1.0,1.0
1.79,1.79,83.37,1974,0.64,52.9,0.64,0.6,0.64,18,45.666667,0.71,25.616667,0.6,0.69,Brasov,0.4,0.4,0.62
8.06,8.06,1451.69,5336,1.0,43.1,0.8,0.6,1.0,14,45.4408474,0.81,12.3155151,0.8,0.69,Venice,0.4,0.4,0.8
3.69,3.69,221.57,3326,0.6,23.8,0.6,0.8,0.82,0,43.653226,0.76,-79.3831843,1.0,0.69,Toronto,0.8,1.0,0.64
4.3,4.3,204.31,2957,1.0,28.6,0.6,0.8,0.8,0,52.3758916,0.79,9.7320104,0.6,0.69,Hannover,0.6,0.8,1.0
7.8,7.8,298.95,5587,1.0,76.4,0.6,0.4,0.6,23,31.768319,0.82,35.21371,1.0,0.69,Jerusalem,0.4,0.8,0.6
2.18,2.18,31.44,1671,0.6,70.4,0.8,0.2,0.8,0,20.9673702,0.7,-89.5925857,0.4,0.69,Merida,0.4,0.0,0.62
7.5,7.5,200.0,3750,1.0,34.0,1.0,0.6,0.8,16,41.7637111,0.78,-72.6850932,0.4,0.69,Hartford,0.4,0.8,0.6
2.91,2.91,14.57,2719,0.4,65.3,0.2,0.4,1.0,0,-27.5949884,0.72,-48.5481743,0.6,0.69,Florianopolis,0.4,0.8,0.6
4.43,4.43,360.42,2657,1.0,23.8,1.0,0.8,0.8,0,49.054587,0.8,-122.328026,0.8,0.69,Abbotsford,1.0,1.0,0.6
2.95,2.95,258.5,2247,1.0,23.8,0.6,0.8,0.8,0,43.683333,0.79,-79.766667,0.8,0.69,Brampton,0.4,1.0,0.8
3.0,3.0,433.0,3537,0.8,34.0,0.8,0.6,0.6,54,43.0352126,0.8,-76.2093199,0.8,0.69,Syracuse,0.4,0.6,0.8
0.87,0.87,71.11,798,0.6,72.0,0.6,0.6,1.0,19,43.3155564,0.71,21.8947327,0.6,0.69,Nis,1.0,0.6,1.0
1.51,1.51,228.27,1469,0.6,42.4,0.4,0.8,0.4,24,55.7052607,0.71,21.0178108,0.4,0.69,Klaipeda,0.4,0.6,0.6
1.5,1.5,70.0,971,0.6,75.6,0.4,0.4,0.8,8,-2.9001285,0.7,-79.0058965,0.4,0.69,Cuenca,0.4,0.6,0.6
5.38,5.38,225.82,5401,0.8,80.39999999999999,0.6,0.8039999999999999,0.8,19,43.7384,0.82,7.4246,1.0,0.68,Monaco,0.8,0.6,1.0
4.3,4.3,268.83,2524,1.0,27.5,0.6,0.8,1.0,17,47.070714,0.8,15.439504,0.6,0.68,Graz,0.4,0.6,0.8
1.79,1.79,145.31,1733,0.6,52.9,0.6,0.6,0.6,23,44.333333,0.73,23.816667,0.6,0.68,Craiova,0.6,0.4,0.6
1.79,1.79,145.31,1738,0.6,52.9,0.4,0.6,0.6,34,47.156944,0.73,27.590278,0.6,0.68,Iasi,0.4,0.4,0.6
1.46,1.46,118.58,895,0.0,72.0,0.4,0.6,0.8,0,-6.2301547,0.68,-77.8708478,0.4,0.68,Chachapoyas,0.4,0.6,0.6
2.37,2.37,52.0,1372,0.6,75.6,0.0,0.4,0.6,7,-2.152381,0.69,-80.1199965,0.44,0.68,Guayaquil,0.4,0.6,0.6
3.23,3.23,161.3,1925,0.8,43.1,1.0,0.6,0.6,6,45.6668893,0.71,12.2430437,0.8,0.68,Treviso,0.4,0.4,0.6
5.38,5.38,326.9,3109,0.6,34.5,0.8,0.6,0.6,45,48.5690922,0.78,7.6920543,0.6,0.68,Strasbourg,0.4,0.6,0.8
2.63,2.63,165.24,1114,0.6,79.6,0.6,0.2,0.8,5,17.6998,0.7,83.2961,0.6,0.68,Visakhapatnam,0.6,0.4,0.8
2.69,2.69,219.09,2409,0.6,55.9,1.0,0.4,1.0,0,35.3643615,0.75,24.4821552,1.0,0.68,Rethymno,1.0,0.4,0.8
1.07,1.07,229.13,2246,0.8,52.4,0.6,0.6,0.8,9,43.5081323,0.72,16.4401935,0.4,0.68,Split,0.4,0.4,0.6
1.25,1.25,140.29,1618,0.6,74.2,0.6,0.2,1.0,6,30.5450072,0.68,-9.7086375,0.2,0.68,Taghazout,0.45,0.4,0.8
0.0,0.0,272.28,1872,0.6,77.3,0.6,0.2,0.8,9,37.0587509,0.69,37.3100969,0.6,0.68,Gaziantep,0.6,0.4,0.8
4.37,4.37,342.44,3539,0.8,32.4,0.6,0.6,0.8,0,50.9097004,0.81,-1.4043509,1.0,0.68,Southampton,0.6,1.0,0.8
1.0,1.0,183.0,1963,0.6,66.3,0.4,0.2,1.0,6,23.159167,0.73,-82.271056,0.8,0.68,Havana,0.4,0.6,0.8
1.6,1.6,152.05,1283,0.2,80.2,0.6,0.2,1.0,0,4.598056,0.6,-74.075833,1.0,0.68,Bogota,0.8,0.4,0.27
6.45,6.45,160.22,3035,0.0,43.1,0.8,0.6,0.8,13,45.4383842,0.72,10.9916215,0.4,0.68,Verona,0.4,0.4,0.8
2.19,2.19,23.31,1772,0.4,65.3,0.2,0.4,0.8,8,-30.0346471,0.67,-51.2176584,0.6,0.68,Porto Alegre,0.4,0.8,0.4
5.66,5.66,460.34,3060,1.0,22.5,1.0,0.8,1.0,10,-35.2819998,0.81,149.1286843,1.0,0.68,Canberra,0.4,0.8,1.0
2.15,2.15,182.81,3178,0.8,39.8,0.8,0.8,0.8,7,36.500769,0.81,-5.0050844,1.0,0.68,Marbella,0.4,0.6,1.0
1.07,1.07,87.36,1508,0.6,52.4,0.6,0.6,0.8,9,45.5549624,0.69,18.6955144,0.4,0.68,Osijek,0.6,0.4,0.6
1.79,1.79,145.31,1921,0.6,52.9,1.0,0.6,1.0,42,44.933333,0.75,26.033333,0.4,0.68,Ploiesti,1.0,0.4,0.8
2.81,2.81,64.86,1116,0.6,70.8,1.0,0.6,1.0,7,19.116667,0.7,-70.633333,0.6,0.68,Jarabacoa,0.95,0.8,0.6
3.76,3.76,351.59,3337,0.6,27.5,0.6,0.8,0.6,22,0.0,0.78,0.0,0.6,0.68,Innsbruck,0.6,0.6,0.8
1.41,1.41,105.9,2795,0.6,62.0,0.6,0.2,0.8,0,4.890278,0.69,114.942222,0.4,0.68,Bandar Seri Begawan,0.8,0.4,0.6
7.72,7.72,376.36,3933,0.82,24.1,0.6,0.8,0.62,17,49.611621,0.76,6.1319346,0.62,0.68,Luxembourg,0.4,0.8,0.82
3.23,3.23,170.55,2492,0.6,43.1,0.6,0.6,0.6,14,38.1404022,0.74,13.2172042,0.6,0.68,Palermo,0.4,0.6,0.8
4.79,4.79,72.92,1942,0.6,74.9,0.4,0.2,0.6,5,22.9759527,0.66,113.5141342,0.6,0.68,Dongguan,0.4,0.2,0.6
3.23,3.23,348.96,2983,0.6,28.6,0.6,0.8,0.6,38,49.4056438,0.78,8.5435314,0.6,0.68,Heidelberg,0.6,0.6,0.8
2.33,2.33,189.44,1853,0.56,65.3,0.6,0.4,0.6,0,-16.6868912,0.69,-49.2647943,0.8,0.68,Goiania,0.4,0.8,0.56
2.36,2.36,203.94,2198,0.6,65.3,0.6,0.4,0.6,9,13.802994,0.64,-88.9053364,0.8,0.67,Salvador,0.6,0.6,0.4
3.76,3.76,327.97,3518,0.6,28.2,0.8,1.0,0.6,47,53.2002316,0.79,5.678422,0.4,0.67,Leeuwarden,0.6,0.6,1.0
1.07,1.07,87.36,1958,0.6,52.4,0.8,0.6,0.8,8,45.3270631,0.7,14.442176,0.4,0.67,Rijeka,0.4,0.4,0.8
2.8,2.8,305.9,1692,0.6,72.6,0.4,0.4,0.0,8,-25.2968361,0.66,-57.6681294,0.0,0.67,Asuncion,0.0,0.4,0.6
0.81,0.81,80.64,1283,0.4,66.1,0.4,0.2,0.6,10,1.492659,0.61,103.7413591,0.4,0.67,Johor Bahru,0.4,0.0,0.4
7.22,7.22,587.57,4374,1.0,21.5,0.8,1.0,0.8,20,56.162939,0.83,10.203921,0.8,0.67,Aarhus,0.8,1.0,1.0
10.03,10.03,70.24,4727,1.0,21.8,0.8,0.8,1.0,21,46.0065117,0.81,8.9523121,0.8,0.67,Lugano,0.4,0.6,1.0
5.0,5.0,494.0,4340,0.6,34.0,0.8,0.6,0.6,44,36.5943679,0.79,-121.867499,0.6,0.67,Monterey,0.4,0.6,0.8
1.57,1.57,481.28,1226,0.6,74.9,0.4,0.2,0.4,18,36.8131,0.65,118.0549,0.4,0.67,Zibo,0.4,0.2,0.6
0.73,0.73,59.25,387,0.8,74.9,0.4,0.2,0.4,13,32.996968,0.63,112.2733913,0.6,0.67,Nanyang,0.6,0.4,0.8
6.5,6.5,528.68,4957,0.8,72.2,0.6,0.4,0.6,12,32.7940463,0.81,34.989571,0.6,0.67,Haifa,0.6,0.8,0.6
6.06,6.06,60.62,2107,0.4,81.0,0.4,0.2,0.6,11,55.790278,0.59,49.134722,0.6,0.67,Kazan,0.8,0.4,0.44
8.15,8.15,663.13,4745,1.0,21.2,0.8,1.0,0.8,22,60.3912628,0.84,5.3220544,0.6,0.67,Bergen,0.8,0.8,1.0
4.0,4.0,467.0,3695,0.6,34.0,0.8,0.6,0.6,20,32.8449302,0.78,-97.1691775,0.6,0.67,Bedford,0.4,0.6,0.8
4.3,4.3,327.97,3455,0.6,28.2,0.8,1.0,0.6,20,52.5382734,0.77,5.1519811,0.2,0.67,Lelystad,0.8,0.6,1.0
2.43,2.43,146.04,1957,0.4,40.7,0.6,0.6,0.6,12,52.406374,0.67,16.9251681,0.4,0.67,Poznan,0.4,0.4,0.6
3.0,3.0,433.0,4127,0.6,34.0,0.8,0.6,0.6,23,42.4422877,0.79,-76.498375,0.6,0.67,Ithaca,0.4,0.6,0.8
0.84,0.84,68.7,1046,0.8,87.7,0.6,0.2,1.0,6,6.9270786,0.66,79.861243,0.24,0.67,Colombo,0.6,0.0,0.8
1.08,1.08,87.9,738,0.4,55.2,0.2,0.4,1.0,5,42.2040425,0.7,19.140438,0.6,0.67,Bar,0.2,0.0,0.6
4.3,4.3,318.79,3759,0.6,28.2,0.8,1.0,0.6,41,52.2693353,0.78,6.102034,0.2,0.67,Deventer,0.6,0.6,1.0
5.0,5.0,299.0,5396,0.8,34.0,0.4,0.6,0.8,31,34.0194543,0.8,-118.4911912,1.0,0.67,Santa Monica,0.8,0.8,0.8
5.33,5.33,433.54,4764,0.8,71.80000000000001,0.4,0.4,0.6,11,31.252973,0.79,34.791462,0.4,0.67,Beersheba,0.6,0.8,0.6
1.19,1.19,96.78,1919,0.6,52.9,0.6,0.6,0.6,7,44.173333,0.74,28.638333,0.6,0.67,Constanta,0.4,0.4,0.6
3.23,3.23,343.72,2972,0.6,28.6,0.6,0.8,0.6,15,49.5891559,0.76,10.914444,0.6,0.67,Erlangen,0.6,0.6,0.8
2.29,2.29,260.38,2016,0.4,77.3,0.4,0.2,1.0,7,36.88414,0.71,30.70563,0.8,0.67,Antalya,0.4,0.4,0.8
2.69,2.69,219.09,1833,0.6,43.1,0.2,0.6,0.8,15,40.914388,0.7,14.7906121,0.4,0.67,Avellino,0.4,0.4,0.6
4.37,4.37,343.07,3159,1.0,32.4,0.6,0.6,0.8,0,57.149717,0.79,-2.094278,0.6,0.66,Aberdeen,0.4,1.0,0.8
1.6,1.6,320.1,1957,0.4,80.2,0.6,0.2,1.0,5,10.41373,0.63,-75.5335769,0.8,0.66,Cartagena,0.4,0.4,0.8
0.67,0.67,178.86,727,0.4,70.7,0.6,0.2,0.6,5,15.8800584,0.63,108.3380469,0.6,0.66,Hoi An,0.4,0.4,0.6
4.37,4.37,342.44,3130,1.0,32.4,0.6,0.6,0.8,0,52.240477,0.78,-0.902656,1.0,0.66,Northampton,0.8,1.0,0.6
4.57,4.57,483.9,3307,1.0,18.8,0.6,1.0,1.0,0,62.244747,0.77,25.7472184,0.8,0.66,Jyvaskyla,0.8,0.8,1.0
1.92,1.92,41.23,1536,0.6,54.2,0.6,0.6,0.8,5,44.7721811,0.71,17.191,0.6,0.66,Banja Luka,0.6,0.0,0.6
4.06,4.06,368.53,2170,0.6,23.8,0.8,0.8,0.8,0,50.1040638,0.75,-123.1415976,0.6,0.66,Whistler,0.8,0.6,0.8
4.37,4.37,124.75,3212,0.6,32.4,0.6,0.6,0.6,0,51.4542645,0.76,-0.9781303,0.8,0.66,Reading,0.4,1.0,0.6
0.55,0.55,73.82,770,0.2,79.6,0.2,0.2,0.6,5,13.0826802,0.57,80.2707184,0.6,0.66,Chennai,0.4,0.2,0.4
1.95,1.95,203.94,2215,0.6,65.3,0.4,0.4,0.8,5,-20.2976,0.64,-40.2958,0.8,0.66,Vitoria,0.6,0.6,0.4
3.77,3.77,452.79,2345,1.0,22.5,0.8,0.8,0.8,4,-34.9286212,0.83,138.5999594,0.8,0.66,Adelaide,0.8,0.8,1.0
2.91,2.91,288.42,4017,0.0,65.3,0.76,0.4,0.8,11,-22.9082998,0.59,-43.1970773,1.0,0.66,Rio de Janeiro,1.0,0.8,0.2
4.37,4.37,342.44,3082,1.0,32.4,0.6,0.6,0.6,0,52.406822,0.78,-1.519693,0.6,0.66,Coventry,0.6,1.0,1.0
6.0,6.0,325.0,3760,1.0,34.0,0.8,0.6,0.8,36,61.2180556,0.8,-149.9002778,0.6,0.66,Anchorage,0.4,0.8,0.8
6.0,6.0,529.0,5230,0.6,34.0,0.8,0.6,0.6,16,34.4281738,0.8,-119.7721072,0.8,0.66,Santa Barbara,0.4,0.6,0.6
3.66,3.66,307.25,2863,0.6,48.4,0.56,0.6,0.6,8,-32.9522839,0.73,-60.7681979,0.6,0.66,Rosario,0.6,0.6,0.38
0.75,0.75,48.63,776,0.4,74.9,0.6,0.2,0.8,8,-6.9148644,0.66,107.6082421,0.4,0.66,Bandung,0.4,0.4,0.6
0.75,0.75,91.28,714,0.6,74.9,0.6,0.2,0.6,5,-7.2642396,0.65,112.7455788,0.4,0.66,Surabaya,0.4,0.4,0.6
0.75,0.75,5.61,615,0.4,74.9,0.6,0.2,0.6,5,-7.9786395,0.62,112.5617424,0.6,0.66,Malang,0.6,0.4,0.4
4.84,4.84,305.39,3482,0.6,34.5,0.6,0.6,0.4,12,45.8898747,0.75,6.088535,0.6,0.66,Annecy,0.4,0.6,0.8
4.57,4.57,217.78,2916,0.6,43.1,0.6,0.6,0.8,13,44.053442,0.74,12.5046471,0.6,0.66,Rimini,0.6,0.6,0.8
1.45,1.45,178.86,1019,0.6,70.7,0.6,0.2,0.8,3,16.0470774,0.71,108.1712139,0.4,0.66,Da Nang,0.8,0.6,0.6
4.74,4.74,420.41,3379,0.6,32.4,0.8,0.6,0.6,0,51.8898394,0.77,-2.1525132,0.6,0.66,Cheltenham,0.4,0.6,0.8
3.5,3.5,457.5,4102,0.2,34.0,0.8,0.6,0.6,47,42.5151532,0.76,-70.9426827,0.6,0.66,Salem,0.6,0.6,0.6
3.69,3.69,300.05,2676,1.0,23.8,0.6,0.8,0.8,0,45.9635895,0.77,-66.6431151,0.4,0.66,Fredericton,0.8,1.0,0.8
6.62,6.62,92.52,2099,0.6,35.1,0.2,0.6,0.2,10,-3.395386,0.7,36.6284568,0.2,0.66,Dorobo,0.2,0.4,0.8
2.03,2.03,261.07,1272,0.6,87.7,0.6,0.2,0.8,6,7.2943945,0.63,80.5906217,0.6,0.66,Kandy,0.6,0.4,0.6
2.19,2.19,177.71,2412,0.6,65.3,0.6,0.4,0.8,7,-3.7318616,0.69,-38.5266704,1.0,0.66,Fortaleza,0.4,0.8,0.62
2.46,2.46,106.63,1620,0.4,83.6,0.4,0.6,1.0,6,14.7645042,0.61,-17.3660286,0.4,0.65,Dakar,0.4,0.0,0.64
1.78,1.78,304.69,1206,0.6,84.7,0.2,0.2,1.0,0,9.8349493,0.56,118.7383615,0.6,0.65,Palawan,0.2,0.4,0.4
5.38,5.38,436.86,3207,0.73,64.0,0.4,0.8,0.56,6,34.7720133,0.7,32.4297369,0.8,0.65,Paphos,0.4,0.6,0.76
1.09,1.09,88.96,519,0.8,74.9,0.4,0.2,0.6,0,33.6333,0.65,114.6333,0.6,0.65,Zhoukou,0.4,0.4,0.8
4.19,4.19,323.62,2399,0.6,43.2,0.6,0.6,0.8,5,-20.1629672,0.73,57.4268028,0.6,0.65,Port Louis,0.8,0.4,0.6
3.03,3.03,59.06,1344,0.4,79.6,0.6,0.2,0.6,11,21.2618911,0.61,81.5490329,0.2,0.65,Raipur,0.4,0.6,0.4
1.58,1.58,158.39,1555,0.6,61.2,0.6,0.6,0.8,9,41.3275459,0.64,19.8186982,0.8,0.65,Tirana,0.6,0.0,0.6
2.65,2.65,216.71,4073,0.8,63.4,0.4,0.2,1.0,6,26.216667,0.7,50.583333,0.8,0.65,Manama,0.8,0.0,0.96
2.43,2.43,94.93,1621,0.4,40.7,0.0,0.6,0.8,21,51.7592485,0.7,19.4559833,0.4,0.65,Lodz,0.4,0.4,0.8
2.29,2.29,152.45,2273,0.44,77.3,0.6,0.2,0.8,8,41.00527,0.63,28.97696,1.0,0.65,Istanbul,0.8,0.8,0.4
1.82,1.82,300.16,2028,0.4,70.4,0.4,0.2,0.4,23,19.294099,0.62,-99.701254,0.6,0.65,Toluca,0.4,0.6,0.4
5.91,5.91,481.47,3156,0.6,55.9,0.4,0.4,0.8,0,35.5138298,0.74,24.0180367,1.0,0.65,Chania,0.4,0.4,0.8
1.46,1.46,111.68,1246,0.6,80.2,0.0,0.2,0.6,5,10.9915954,0.61,-74.9090454,0.8,0.65,Barranquilla,0.4,0.6,0.6
4.84,4.84,170.55,3350,0.6,43.1,0.6,0.6,0.6,17,43.85881,0.74,10.3276737,0.6,0.65,Lucca,0.6,0.6,0.8
2.99,2.99,243.4,3288,0.8,44.5,0.8,0.4,1.0,9,25.3575,0.74,55.390833,0.2,0.65,Sharjah,0.4,0.6,0.8
3.03,3.03,181.87,1378,0.62,81.0,0.4,0.2,0.27,10,56.8389261,0.57,60.6057025,0.6,0.65,Yekaterinburg,0.8,0.4,0.6
1.52,1.52,152.45,1841,0.6,77.3,0.4,0.2,0.62,13,38.41885,0.66,27.12872,0.4,0.65,Izmir,0.4,0.4,0.56
0.75,0.75,60.92,1151,0.0,73.9,0.4,0.2,0.8,15,53.6724806,0.66,23.8266926,0.4,0.65,Grodno,0.2,0.0,0.6
4.3,4.3,158.74,3052,0.6,43.1,0.6,0.6,0.6,0,39.2253833,0.73,9.058338,0.6,0.65,Cagliari,0.6,0.6,0.8
6.65,6.65,327.92,4307,1.0,22.8,1.0,0.8,0.8,0,64.133333,0.77,-21.933333,0.6,0.65,Reykjavik,0.4,1.0,1.0
2.36,2.36,203.94,2650,0.4,65.3,0.4,0.4,0.6,11,-23.4698525,0.64,-47.576717,0.6,0.65,Sorocaba,0.4,0.6,0.4
4.43,4.43,1476.15,4401,0.6,74.2,0.4,0.2,0.8,15,33.9691409,0.7,-6.9273709,0.6,0.65,Rabat,0.64,0.4,0.6
4.21,4.21,453.14,1586,0.2,72.2,0.4,0.2,0.4,6,26.3544482,0.58,49.7122909,0.2,0.65,Dammam,0.4,0.4,0.6
4.63,4.63,410.93,3371,0.8,32.4,0.6,0.6,0.8,10,50.8184381,0.78,-1.1678311,0.6,0.65,Portsmouth,0.6,0.6,1.0
2.0,2.0,250.52,2782,0.4,74.2,0.4,0.2,1.0,5,33.5731104,0.66,-7.5898434,1.0,0.65,Casablanca,0.4,0.4,0.73
1.75,1.75,142.52,1701,0.4,76.3,0.4,0.2,0.8,9,40.4092617,0.67,49.8670924,1.0,0.64,Baku,0.4,0.0,0.6
5.77,5.77,528.82,4669,0.6,21.8,0.6,0.8,0.6,16,46.6844946,0.78,7.8228106,0.6,0.64,Interlaken,0.6,0.6,0.8
1.09,1.09,88.96,1912,0.8,74.9,0.6,0.2,0.8,6,32.0989607,0.69,118.4575618,0.8,0.64,Nanjing,0.6,0.4,0.8
1.22,1.22,98.89,1515,0.4,40.7,0.6,0.6,0.8,8,50.2648919,0.69,19.0237815,0.6,0.64,Katowice,0.6,0.4,0.6
1.36,1.36,34.88,942,0.2,75.5,0.2,0.4,0.6,15,49.9935,0.56,36.230383,0.6,0.64,Kharkiv,0.4,0.4,0.4
1.6,1.6,128.04,1308,0.2,80.2,0.4,0.2,0.64,7,6.235925,0.53,-75.575137,0.8,0.64,Medellín,0.8,0.4,0.4
6.81,6.81,553.71,5194,0.44,44.5,0.8,0.4,0.82,6,24.466667,0.76,54.366667,0.62,0.64,Abu Dhabi,0.82,0.6,0.82
1.87,1.87,245.17,1266,0.6,70.4,0.4,0.2,0.6,5,19.3504358,0.63,-97.8975886,0.6,0.64,Puebla,0.4,0.6,0.4
2.58,2.58,132.87,1494,0.6,79.6,0.4,0.2,0.6,6,30.7333148,0.64,76.7794179,0.4,0.64,Chandigarh,0.4,0.2,0.6
1.12,1.12,507.82,1286,0.0,84.7,0.2,0.2,0.8,6,10.3156992,0.58,123.8854366,0.6,0.64,Cebu,0.4,0.4,0.8
0.76,0.76,61.63,621,0.4,81.0,0.2,0.2,0.4,23,55.1170375,0.49,36.5970818,0.2,0.64,Obninsk,0.2,0.4,0.4
5.91,5.91,275.5,3528,0.6,43.1,0.6,0.6,0.6,12,44.8362179,0.72,11.536406,0.6,0.64,Ferrara,0.6,0.6,0.6
13.72,13.72,436.63,6219,0.6,51.4,0.8,0.514,0.6,14,49.1868225,0.77,-2.1065682,0.4,0.64,Saint Helier,0.8,0.0,0.6
7.22,7.22,587.57,4220,1.0,21.5,0.8,1.0,0.8,0,57.0488195,0.8,9.921747,0.8,0.64,Aalborg,0.6,1.0,1.0
1.94,1.94,217.23,1539,0.6,77.3,0.6,0.2,0.0,6,37.8784235,0.67,32.3663982,0.0,0.64,Konya,0.0,0.6,0.8
1.44,1.44,69.72,982,0.4,81.0,0.6,0.2,0.8,12,51.533333,0.53,46.016667,0.4,0.64,Saratov,0.4,0.4,0.4
1.09,1.09,88.96,1058,0.8,74.9,0.4,0.2,0.6,0,36.7167,0.64,119.1,0.6,0.64,Weifang,0.4,0.4,0.8
3.49,3.49,284.06,3518,0.6,66.0,0.0,0.6,0.6,0,17.7611578,0.68,-88.0277487,0.2,0.64,Caye Caulker,0.2,0.0,0.6
1.5,1.5,150.0,1104,0.0,75.6,0.6,0.4,0.8,3,-0.1806532,0.7,-78.4678382,0.6,0.63,Quito,0.8,0.6,0.6
4.73,4.73,72.92,1730,0.6,74.9,0.4,0.2,0.4,0,43.8256,0.64,87.6168,0.4,0.63,Urumqi,0.4,0.2,0.6
2.29,2.29,1524.46,3547,0.38,77.3,0.6,0.2,0.6,49,39.92077,0.66,32.85411,0.4,0.63,Ankara,0.6,0.42,0.8
1.8,1.8,146.29,1743,0.4,74.0,0.2,0.4,1.0,9,4.1754959,0.63,73.5093474,0.2,0.63,Male,0.2,0.0,0.4
1.83,1.83,248.1,2176,0.4,77.3,0.8,0.2,0.8,5,36.5437825,0.67,31.9426119,0.6,0.63,Alanya,0.8,0.4,0.6
5.0,5.0,30.0,2576,0.8,34.0,0.6,0.6,0.8,19,42.331427,0.63,-83.0457538,0.6,0.63,Detroit,0.8,0.8,0.2
1.5,1.5,79.73,1656,0.4,73.2,1.0,0.6,0.8,11,47.0105,0.62,28.8638,0.6,0.63,Chisinau,0.4,0.0,0.4
2.16,2.16,203.94,2177,0.4,65.3,0.6,0.4,0.6,5,-2.5606303,0.62,-44.3281626,0.6,0.63,Sao Luis,0.4,0.6,0.4
2.58,2.58,210.16,1486,0.4,79.6,0.4,0.2,0.4,6,26.1445169,0.6,91.7362365,0.4,0.63,Guwahati,0.4,0.2,0.6
10.03,10.03,1505.07,6154,0.8,21.8,0.4,0.8,0.8,20,46.5199617,0.78,6.6335971,0.6,0.63,Lausanne,0.4,0.6,1.0
4.24,4.24,389.63,4611,0.6,32.4,0.8,0.6,0.6,0,39.9669402,0.77,-76.7659089,0.6,0.63,York,0.6,0.6,0.8
1.09,1.09,88.96,1129,0.8,74.9,0.4,0.2,0.6,25,38.0436,0.63,114.4983,0.4,0.63,Shijiazhuang,0.4,0.4,0.8
3.49,3.49,139.61,2677,0.6,69.9,0.6,0.6,0.8,3,-33.9248685,0.71,18.4240553,0.8,0.63,Cape Town,0.8,0.6,0.42
4.0,4.0,275.0,3182,0.82,34.0,1.0,0.6,0.82,4,32.7764749,0.78,-79.9310512,0.42,0.63,Charleston,0.8,0.8,0.62
2.83,2.83,73.82,1201,0.6,79.6,0.6,0.2,0.8,3,26.2702848,0.72,72.8904576,0.6,0.62,Jodhpur,0.6,0.6,0.8
5.0,5.0,150.0,3229,0.6,34.0,0.8,0.6,0.6,34,38.6270025,0.62,-90.1994042,0.4,0.62,Saint Louis,0.8,0.8,0.2
1.52,1.52,130.19,2108,0.6,77.3,0.4,0.2,0.6,19,40.266864,0.65,29.0634479,0.4,0.62,Bursa,0.4,0.4,0.6
5.3,5.3,431.43,2531,0.6,81.0,0.4,0.2,0.6,16,54.716667,0.58,20.516667,0.4,0.62,Kaliningrad,0.4,0.4,0.6
2.54,2.54,190.51,1703,0.4,90.7,0.2,0.2,0.8,5,23.810332,0.49,90.4125181,0.27,0.62,Dhaka,0.4,0.4,0.27
4.3,4.3,436.86,4749,0.6,55.9,0.6,0.4,0.6,0,36.4071334,0.75,25.3505908,0.8,0.62,Santorini,0.6,0.6,0.8
4.12,4.12,340.87,4741,0.2,45.1,0.8,0.4,0.8,9,25.2916097,0.7,51.5304368,0.56,0.62,Doha,0.8,0.0,1.0
0.97,0.97,219.15,2068,0.4,70.4,0.4,0.2,0.4,5,20.2096166,0.6,-87.5068956,0.6,0.62,Tulum,0.4,0.6,0.4
4.55,4.55,369.8,2012,0.6,81.0,0.4,0.2,0.8,0,56.2965039,0.58,43.9360589,0.8,0.62,Nizhny,0.4,0.4,0.6
1.5,1.5,122.25,1889,0.4,74.2,0.4,0.2,0.6,6,30.4277547,0.62,-9.5981072,0.6,0.62,Agadir,0.4,0.4,0.6
4.55,4.55,369.8,1945,0.6,81.0,0.6,0.2,0.8,11,56.0152834,0.61,92.8932476,0.6,0.62,Krasnoyarsk,0.4,0.4,0.8
6.65,6.65,540.63,3815,1.0,23.8,0.4,0.8,0.8,0,56.7263796,0.75,-111.3803407,0.6,0.61,Fort McMurray,0.6,1.0,0.8
0.74,0.74,95.97,889,0.27,79.6,0.2,0.2,0.64,2,12.9715987,0.64,77.5945627,0.4,0.61,Bangalore,0.8,0.2,0.58
2.0,2.0,319.96,3040,0.2,72.2,0.4,0.2,0.6,7,24.633333,0.57,46.716667,0.6,0.61,Riyadh,1.0,0.4,0.4
3.21,3.21,226.95,4532,0.4,52.4,0.6,0.6,0.6,12,42.6457042,0.72,18.0240181,0.4,0.61,Dubrovnik,0.6,0.6,0.8
0.0,0.0,59.06,1041,0.4,79.6,0.4,0.2,0.8,6,11.1085742,0.56,77.2937723,0.2,0.6,Tirupur,0.4,0.6,0.4
1.16,1.16,77.51,808,0.25,75.5,0.6,0.4,0.8,0,48.922633,0.58,24.711117,0.6,0.6,Ivano-Frankivsk,0.6,0.4,0.4
2.9,2.9,235.9,1614,0.6,66.5,0.6,0.2,0.6,5,43.2220146,0.62,76.8512485,0.4,0.6,Almaty,0.6,0.0,0.6
4.3,4.3,393.57,2634,1.0,28.6,0.6,0.8,1.0,3,50.1109221,0.83,8.6821267,0.8,0.6,Frankfurt,0.8,0.8,1.0
3.76,3.76,215.07,3074,0.8,39.8,1.0,0.8,1.0,4,39.9991163,0.8,3.8389047,0.2,0.6,Ciutadella,0.6,0.4,0.8
4.83,4.83,178.58,1987,0.4,79.6,0.4,0.2,0.8,10,16.5062,0.6,80.648,0.4,0.6,Vijayawada,0.6,0.4,0.4
3.23,3.23,161.3,2250,0.8,39.8,0.6,0.8,1.0,3,38.6227319,0.78,-0.5754373,0.2,0.6,Ibi,0.4,0.4,0.6
1.41,1.41,110.21,777,0.6,78.8,0.2,0.2,0.8,2,9.75,0.65,100.0333,1.0,0.6,Ko Pha Ngan,0.4,0.4,0.6
1.82,1.82,148.21,1547,0.6,74.9,0.4,0.2,0.8,6,38.914003,0.63,121.614682,0.4,0.6,Dalian,0.6,0.4,0.6
2.62,2.62,0.3,1201,0.4,79.6,0.4,0.2,0.6,9,34.106639,0.56,74.6666703,0.2,0.6,Srinagar,0.2,0.8,0.4
3.23,3.23,430.13,2368,0.4,55.2,0.4,0.4,0.6,5,42.288056,0.65,18.8425,0.2,0.59,Budva,0.4,0.0,0.6
1.02,1.02,297.38,1495,0.6,84.7,0.4,0.2,0.8,0,11.969281,0.56,121.8922095,0.6,0.59,Boracay,0.8,0.6,0.6
2.36,2.36,203.94,3573,0.4,65.3,0.6,0.4,0.6,5,-23.1894443,0.61,-46.0030986,0.6,0.59,São José dos Campos,0.4,0.6,0.4
0.74,0.74,59.06,745,0.2,79.6,0.2,0.2,0.8,4,17.385044,0.58,78.486671,0.6,0.59,Hyderabad,0.8,0.2,0.4
2.61,2.61,212.63,1177,0.6,81.0,0.4,0.2,0.6,12,56.833333,0.54,53.183333,0.6,0.59,Izhevsk,0.4,0.4,0.6
2.19,2.19,196.65,2066,0.0,65.3,0.4,0.4,0.8,5,-8.0475458,0.53,-34.8769621,1.0,0.59,Recife,0.8,0.8,0.2
1.52,1.52,60.62,1086,0.4,81.0,0.4,0.2,0.8,6,53.202778,0.49,50.140833,0.2,0.59,Samara,0.4,1.8181818181818e+28,0.4
0.86,0.86,70.28,1528,0.0,66.1,0.4,0.2,0.8,3,5.980408,0.69,116.0734568,0.2,0.59,Kota Kinabalu,0.6,0.0,0.8
3.41,3.41,277.35,1511,0.6,81.0,0.4,0.2,0.8,25,56.5010397,0.56,84.9924506,0.4,0.59,Tomsk,0.2,0.4,0.8
1.41,1.41,28.26,1247,1.0,78.8,0.4,0.2,0.8,2,10.0922767,0.67,99.8003846,0.4,0.58,Ko Tao,0.2,0.4,0.6
1.6,1.6,130.44,1664,0.4,65.3,0.8,0.4,0.8,2,-5.7792569,0.69,-35.200916,1.0,0.58,Natal,0.4,0.8,0.58
1.72,1.72,182.74,1004,0.4,81.0,0.4,0.2,0.2,10,47.260667,0.5,39.3478194,0.2,0.58,Rostov-on-Don,0.2,0.6,0.6
1.52,1.52,260.38,3076,0.4,77.3,0.4,0.2,1.0,7,37.035339,0.64,27.43029,1.0,0.58,Bodrum,0.6,0.4,0.64
1.87,1.87,224.46,1306,0.4,74.9,0.6,0.2,0.64,4,-6.2087634,0.63,106.845599,0.6,0.58,Jakarta,0.8,0.4,0.6
1.93,1.93,87.06,1545,0.6,70.4,0.0,0.2,1.0,3,17.0594169,0.68,-96.7216219,0.6,0.58,Oaxaca,0.4,0.0,0.8
3.15,3.15,72.92,1651,0.6,74.9,0.4,0.2,0.6,3,39.9587666,0.68,116.357994,0.6,0.58,Chaoyang,0.8,0.2,0.6
1.48,1.48,103.35,962,0.2,79.6,0.2,0.2,0.8,1,28.6139391,0.58,77.2090212,0.6,0.58,New Delhi,0.8,0.2,0.4
2.65,2.65,30.31,1074,0.6,81.0,0.6,0.2,0.6,10,55.0083526,0.54,82.9357327,0.6,0.58,Novosibirsk,0.4,0.45,0.6
0.75,0.75,5.61,639,0.4,74.9,0.6,0.2,0.8,3,-6.742867,0.65,108.5190193,0.4,0.58,Cirebon,0.8,0.4,0.6
10.0,10.0,813.74,6345,0.6,75.39999999999999,0.6,0.7539999999999999,0.8,6,32.294816,0.77,-64.781375,0.8,0.57,Hamilton,0.4,0.8,0.8
1.99,1.99,149.03,1118,0.4,87.4,0.4,0.2,0.8,1,13.3622,0.56,103.8597,0.4,0.57,Siem Reap,0.8,0.0,0.6
3.27,3.27,266.25,1606,0.6,81.0,0.6,0.2,0.6,18,55.1644419,0.55,61.4368431,0.4,0.57,Chelyabinsk,0.4,0.4,0.6
2.87,2.87,233.49,2299,0.4,42.400000000000006,0.6,0.4,0.4,1,5.36,0.72,4.0038,0.8,0.57,Abidjan,0.6,0.0,0.6
1.36,1.36,15.5,821,0.2,75.5,0.4,0.4,0.8,9,47.910483,0.54,33.391783,0.4,0.57,Krivoy-Rog,0.4,0.4,0.4
1.03,1.03,73.82,916,0.4,79.6,0.2,0.2,0.6,2,21.1458004,0.63,79.0881546,0.4,0.57,Nagpur,0.4,0.2,0.6
2.4,2.4,22.45,726,0.4,74.9,0.4,0.2,0.6,2,-7.7971,0.64,110.3705,0.6,0.57,Yogyakarta,0.4,0.4,0.6
1.47,1.47,196.49,1679,0.2,98.3,0.2,0.4,1.0,8,-1.2920659,0.43,36.8219462,1.0,0.57,Nairobi,0.4,0.0,0.4
4.63,4.63,462.8,2724,0.8,35.1,0.8,0.6,0.8,4,35.0061,0.81,135.76095,1.0,0.57,Kyoto,0.4,0.8,1.0
1.99,1.99,165.46,2096,0.6,89.6,0.4,0.4,0.8,1,33.8886289,0.63,35.4954794,1.0,0.56,Beirut,0.4,0.0,0.6
1.44,1.44,117.41,1778,0.4,78.5,0.2,0.4,1.0,3,-17.866667,0.71,-63.0,1.0,0.56,Santa Cruz,0.4,0.8,0.6
2.4,2.4,59.06,1591,0.6,79.6,0.4,0.2,0.4,3,19.8700415,0.63,75.1651153,0.2,0.56,Aurangabad,0.4,0.4,0.6
0.0,0.0,233.84,971,0.6,84.7,0.6,0.2,0.8,1,6.1375536,0.6,125.0174292,0.6,0.56,General Santos,0.8,0.6,0.6
0.92,0.92,27.29,624,0.6,79.6,0.4,0.2,0.4,3,26.9124336,0.59,75.7872709,0.6,0.56,Jaipur,0.4,0.2,0.6
4.06,4.06,911.64,2491,0.4,84.7,0.6,0.2,1.0,2,14.554729,0.61,121.0244452,0.8,0.56,Makati,0.8,0.4,0.8
2.34,2.34,59.06,1243,0.6,79.6,0.6,0.2,0.6,2,22.7840284,0.66,86.1757708,0.2,0.56,Jamshedpur,0.4,0.4,0.6
1.48,1.48,81.21,1059,0.4,79.6,0.4,0.2,0.6,1,26.8465108,0.61,80.9466832,0.6,0.56,Lucknow,0.6,0.2,0.6
0.83,0.83,67.55,915,0.4,79.6,0.4,0.2,0.6,2,30.900965,0.6,75.8572758,0.6,0.55,Ludhiana,0.6,0.2,0.6
1.48,1.48,103.35,1301,0.2,79.6,0.2,0.2,0.8,2,19.0759837,0.56,72.8776559,0.6,0.55,Mumbai,0.8,0.2,0.4
4.0,4.0,533.27,4175,0.2,72.2,0.2,0.2,0.2,10,21.543333,0.5,39.172778,0.4,0.55,Jeddah,0.4,0.4,0.4
1.41,1.41,110.21,1285,0.6,78.8,0.2,0.2,0.8,3,7.7333,0.66,98.7667,1.0,0.55,Ko Phi Phi,0.2,0.4,0.8
1.43,1.43,59.06,1229,0.4,79.6,0.4,0.2,0.6,2,19.2405375,0.63,73.1301495,0.2,0.55,Kalyan,0.4,0.4,0.6
1.99,1.99,100.6,1039,0.4,87.4,0.4,0.2,0.8,4,11.5448729,0.51,104.8921668,0.4,0.55,Phnom Penh,0.8,0.0,0.4
1.11,1.11,36.91,931,0.4,79.6,0.2,0.2,0.8,3,18.5204303,0.62,73.8567437,0.6,0.55,Pune,0.4,0.2,0.6
2.59,2.59,218.57,1167,0.4,81.0,0.4,0.2,0.45,10,54.7388,0.51,55.9721,0.2,0.55,Ufa,0.4,0.4,0.6
2.4,2.4,122.36,624,0.4,79.6,0.6,0.2,0.8,1,25.3176,0.67,82.9739,0.6,0.55,Varanasi,0.8,0.4,0.8
0.0,0.0,26.05,2735,0.4,74.2,0.6,0.2,0.8,2,33.4596181,0.68,-112.0765059,0.4,0.55,Fez,0.8,0.8,0.6
2.06,2.06,110.07,1708,0.6,53.7,0.6,0.4,0.8,4,43.2140504,0.69,27.9147333,0.6,0.55,Varna,0.4,0.4,0.8
3.9,3.9,142.97,3082,0.6,70.6,0.4,0.2,0.8,4,31.8980428,0.73,35.2042714,0.8,0.55,Ramallah,0.4,0.8,0.6
2.95,2.95,73.82,986,0.6,79.6,0.6,0.2,0.8,3,31.634,0.63,74.8723,0.6,0.55,Amritsar,0.8,0.4,0.8
1.46,1.46,145.94,2231,0.4,72.0,0.4,0.6,0.8,3,-12.046374,0.63,-77.0427934,0.6,0.55,Lima,0.8,0.6,0.6
3.15,3.15,72.92,1146,0.6,74.9,0.4,0.2,0.6,4,25.0213216,0.63,102.600965,0.2,0.55,Kunming,0.4,0.4,0.6
1.34,1.34,109.11,729,0.4,70.7,1.0,0.2,1.0,4,11.9404192,0.66,108.4583132,0.4,0.55,Da Lat,0.4,0.4,0.6
1.46,1.46,116.75,1537,0.0,72.0,0.4,0.6,1.0,4,-16.4090474,0.67,-71.537451,0.6,0.55,Arequipa,0.4,0.6,0.56
1.26,1.26,72.92,1732,0.6,74.9,0.4,0.2,0.6,4,20.0117253,0.68,110.0379904,0.6,0.55,Haikou,0.4,0.2,0.6
1.0,1.0,244.0,3095,0.6,53.2,0.8,0.4,0.6,4,9.3406,0.74,-82.2406,0.8,0.55,Bocas del Toro,0.6,0.8,0.6
0.95,0.95,85.4,1583,0.2,101.7,0.4,0.2,0.6,5,31.5546061,0.37,74.3571581,0.4,0.54,Lahore,0.4,0.8,0.6
4.35,4.35,59.06,1500,0.6,79.6,0.4,0.2,0.6,2,23.8020368,0.66,86.3642094,0.2,0.54,Dhanbad,0.4,0.4,0.6
1.82,1.82,138.94,1261,0.6,79.0,0.2,0.6,0.8,2,12.136389,0.63,-86.251389,0.4,0.54,Managua,0.6,0.0,0.6
3.7,3.7,451.51,3749,0.8,35.1,0.8,0.6,0.8,3,37.0625,0.81,-95.677068,0.8,0.54,Kobe,0.8,0.6,1.0
1.59,1.59,59.06,1170,0.4,79.6,0.4,0.2,0.6,2,26.2141389,0.64,78.1208586,0.2,0.54,Gwalior,0.4,0.4,0.6
3.14,3.14,255.48,2465,0.6,69.9,0.8,0.6,0.6,4,-25.746111,0.69,28.188056,0.8,0.54,Pretoria,0.8,0.6,0.6
1.47,1.47,246.82,1571,0.2,70.4,0.4,0.2,0.2,16,31.6537863,0.4,-106.5832922,0.2,0.54,Juarez,0.2,0.4,0.2
1.75,1.75,200.0,1486,0.2,72.5,0.8,0.40199999999999997,0.8,3,13.6929403,0.61,-89.2181911,0.8,0.54,San Salvador,0.4,0.0,0.4
4.1,4.1,72.92,2163,0.6,74.9,0.4,0.2,0.6,3,26.0498897,0.65,119.0381985,0.6,0.54,Fuzhou,0.4,0.2,0.6
3.77,3.77,409.02,3183,0.6,22.5,0.8,0.8,0.6,3,-28.6469733,0.75,153.5678005,0.6,0.54,Byron Bay,0.4,0.6,0.6
1.6,1.6,203.94,1913,0.6,65.3,0.8,0.4,0.8,3,-1.26719,0.66,-48.5579947,0.6,0.54,Belem,0.8,0.8,0.6
3.15,3.15,72.92,1484,0.6,74.9,0.4,0.2,0.6,3,31.3221084,0.63,120.7044229,0.2,0.54,Kunshan,0.4,0.4,0.6
2.99,2.99,243.31,3162,0.6,66.0,0.6,0.6,0.8,1,17.504722,0.66,-88.186667,0.6,0.53,Belize City,0.4,0.0,0.6
0.96,0.96,54.6,1352,0.2,90.2,0.4,0.2,0.8,3,30.0444196,0.48,31.2357116,0.6,0.53,Cairo,0.8,0.6,0.6
0.95,0.95,59.06,815,0.4,79.6,0.4,0.2,0.6,1,10.5113799,0.64,76.1532099,0.2,0.53,Thrissur,0.4,0.6,0.44
0.0,0.0,59.06,1594,0.4,79.6,0.4,0.2,0.8,2,23.6834541,0.65,86.8541898,0.2,0.53,Asansol,0.4,0.4,0.6
1.08,1.08,50.5,1447,0.4,78.5,0.4,0.4,1.0,2,-17.383333,0.63,-66.166667,0.6,0.53,Cochabamba,0.8,0.8,0.8
2.79,2.79,227.12,2369,0.6,69.9,0.6,0.6,0.8,2,-33.958056,0.61,25.6,0.4,0.53,Port Elizabeth,0.6,0.6,0.4
4.62,4.62,59.06,1659,0.4,79.6,0.4,0.2,0.6,2,23.1756331,0.64,79.828667,0.2,0.53,Jabalpur,0.4,0.4,0.6
1.23,1.23,40.99,1047,0.6,56.6,0.4,0.6,0.6,3,47.92,0.65,106.92,0.2,0.53,Ulaanbaatar,0.4,0.0,0.6
6.0,6.0,250.0,4056,0.8,34.0,0.6,0.6,0.6,24,41.8781136,0.57,-87.6297982,0.6,0.53,Chicago,0.8,0.8,0.2
2.3,2.3,72.92,818,0.6,74.9,0.4,0.2,0.6,3,26.5959859,0.64,106.5762993,0.6,0.53,Guiyang,0.4,0.2,0.6
3.23,3.23,262.38,1831,0.6,55.2,0.6,0.4,0.6,3,42.441286,0.65,19.262892,0.4,0.53,Podgorica,0.4,0.0,0.6
0.89,0.89,72.05,839,0.6,79.6,0.2,0.2,0.8,2,21.1702401,0.64,72.8310607,0.4,0.53,Surat,0.4,0.2,0.6
1.33,1.33,106.58,2209,0.4,83.2,0.6,0.4,1.0,3,14.5585707,0.57,-90.729523,0.6,0.53,Antigua,0.4,0.6,0.4
1.59,1.59,59.06,857,0.4,79.6,0.6,0.2,0.8,3,27.1767,0.62,78.0081,0.6,0.53,Agra,0.6,0.4,0.6
2.16,2.16,203.94,5658,0.4,65.3,0.4,0.4,0.6,5,37.0625,0.59,-95.677068,0.6,0.53,Anápolis,0.4,0.6,0.4
3.15,3.15,72.92,1210,0.6,74.9,0.4,0.2,0.6,4,32.6473323,0.64,116.8944522,0.6,0.53,Huainan,0.4,0.2,0.6
0.77,0.77,120.11,947,0.8,96.3,0.8,0.544,0.8,2,16.780833,0.52,96.149722,0.4,0.53,Yangon,0.4,0.0,0.6
0.09,0.09,7.21,522,0.6,79.6,0.2,0.2,0.8,2,23.022505,0.64,72.5713621,0.4,0.53,Ahmedabad,0.4,0.2,0.6
0.89,0.89,95.97,1095,0.4,79.6,0.2,0.2,0.8,2,19.2183307,0.57,72.9780897,0.6,0.52,Thane,0.4,0.2,0.4
0.54,0.54,43.66,880,0.4,53.800000000000004,1.0,0.4,1.0,2,42.874722,0.69,74.612222,0.6,0.52,Bishkek,1.0,0.0,0.6
1.94,1.94,46.5,1337,0.4,75.5,0.6,0.4,0.8,10,46.482526,0.45,30.7233095,0.8,0.52,Odesa,0.8,0.4,0.2
1.07,1.07,87.06,860,0.4,79.6,0.2,0.2,0.8,3,22.3071588,0.63,73.1812187,0.6,0.52,Vadodara,0.4,0.2,0.6
1.53,1.53,107.13,963,0.6,84.4,0.2,0.2,1.0,1,17.966667,0.56,102.6,0.2,0.52,Vientiane,0.4,0.4,0.6
2.58,2.58,210.16,1486,0.6,79.6,0.2,0.2,0.4,3,22.7195687,0.62,75.8577258,0.4,0.52,Indore,0.4,0.2,0.6
1.33,1.33,103.35,1129,0.2,79.6,0.2,0.2,0.6,4,28.5355161,0.55,77.3910265,0.8,0.52,Noida,0.4,0.2,0.4
2.95,2.95,59.06,953,0.4,79.6,0.4,0.2,0.4,2,11.8667015,0.57,75.3525086,0.2,0.52,Kannur,0.4,0.4,0.4
2.74,2.74,4.78,1782,0.6,103.5,0.2,0.4,0.6,6,9.0765,0.33,7.3986,0.4,0.52,Abuja,0.2,0.6,0.4
3.15,3.15,72.92,1490,0.6,74.9,0.4,0.2,0.6,3,30.1697,0.65,121.2666,0.6,0.52,Cixi,0.4,0.2,0.6
1.31,1.31,349.69,2233,0.4,74.6,0.4,0.4,0.8,4,36.8064948,0.6,10.1815316,0.4,0.52,Tunis,0.4,0.0,0.4
2.03,2.03,147.27,1365,0.2,84.7,0.2,0.2,0.6,3,14.5995124,0.42,120.9842195,0.8,0.52,Manila,0.8,0.4,0.4
3.86,3.86,72.92,1533,0.6,74.9,0.4,0.2,0.6,3,31.8141823,0.64,119.6644216,0.6,0.52,Changzhou,0.4,0.2,0.8
1.67,1.67,111.68,887,0.6,80.2,0.0,0.2,0.6,3,7.1650177,0.59,-73.1782855,0.8,0.52,Bucaramanga,0.4,0.6,0.6
2.26,2.26,59.06,1394,0.4,79.6,0.6,0.2,0.6,2,8.8862698,0.6,76.5588183,0.2,0.52,Kollam,0.6,0.6,0.4
0.0,0.0,384.3,2381,0.8,66.4,0.4,0.664,0.6,3,36.8542605,0.72,42.8548248,0.4,0.52,Duhok,0.4,0.6,0.6
6.27,6.27,59.06,1406,0.4,79.6,0.4,0.2,0.6,3,26.4471054,0.59,80.1982971,0.2,0.52,Kanpur,0.6,0.4,0.4
0.58,0.58,92.16,1183,0.6,66.1,0.4,0.2,0.6,3,5.2632341,0.63,100.4846227,0.2,0.52,Penang,0.6,0.0,0.6
3.15,3.15,72.92,1677,0.6,74.9,0.4,0.2,0.6,2,22.5643709,0.65,112.9730885,0.6,0.52,Jiangmen,0.4,0.2,0.8
3.15,3.15,72.92,1129,0.6,74.9,0.4,0.2,0.6,2,36.6425933,0.63,116.7489271,0.6,0.52,Jinan,0.4,0.2,0.6
3.15,3.15,72.92,1347,0.6,74.9,0.4,0.2,0.6,3,33.6033275,0.64,119.0476799,0.6,0.52,Huai'an,0.4,0.2,0.6
3.94,3.94,72.92,1550,0.6,74.9,0.4,0.2,0.6,3,30.7442536,0.64,120.6271268,0.6,0.51,Jiaxing,0.4,0.2,0.6
3.15,3.15,72.92,1479,0.6,74.9,0.4,0.2,0.6,3,31.8554479,0.64,117.1461774,0.6,0.51,Hefei,0.4,0.2,0.6
1.11,1.11,90.07,1158,0.6,79.6,0.2,0.2,0.6,2,23.2599333,0.59,77.412615,0.2,0.51,Bhopal,0.4,0.2,0.4
3.15,3.15,72.92,2897,0.6,74.9,0.4,0.2,0.6,3,28.1758442,0.64,112.7444066,0.6,0.51,Changsha,0.4,0.2,0.6
2.15,2.15,227.47,1152,0.6,81.0,0.6,0.2,0.8,3,45.033333,0.57,38.966667,0.8,0.51,Krasnodar,0.4,0.4,0.8
2.67,2.67,72.92,1294,0.6,74.9,0.4,0.2,0.6,4,23.0087696,0.6,112.9662221,0.4,0.51,Foshan,0.4,0.4,0.6
1.59,1.59,59.06,650,0.4,79.6,0.4,0.2,0.6,2,25.4358,0.59,81.8463,0.2,0.51,Allahabad,0.2,0.6,0.6
2.55,2.55,243.55,1893,0.6,74.9,0.4,0.2,0.4,3,39.90403,0.57,116.407526,0.45,0.51,Beijing,0.8,0.4,0.6
1.11,1.11,90.07,745,0.4,79.6,0.2,0.2,0.6,2,19.9974533,0.6,73.7898023,0.8,0.51,Nasik,0.6,0.2,0.6
3.15,3.15,72.92,1579,0.6,74.9,0.4,0.2,0.6,3,32.0118798,0.64,120.7352467,0.2,0.51,Nantong,0.4,0.4,0.6
3.15,3.15,72.92,1590,0.6,74.9,0.4,0.2,0.6,4,31.6649368,0.61,120.5419621,0.6,0.51,Changshu,0.4,0.2,0.6
2.58,2.58,210.16,1487,0.6,79.6,0.2,0.2,0.6,2,20.2960587,0.62,85.8245398,0.2,0.51,Bhubaneswar,0.2,0.2,0.6
2.34,2.34,59.06,903,0.4,79.6,0.6,0.2,1.0,4,12.3106368,0.61,76.5656493,0.6,0.51,Mysore,0.4,0.4,0.4
0.73,0.73,59.25,584,0.8,74.9,0.8,0.2,0.4,3,28.6833,0.61,115.8833,0.6,0.51,Nanchang,0.4,0.4,0.8
1.61,1.61,130.89,3176,0.2,32.800000000000004,0.2,0.328,0.4,0,-4.4875094,0.64,15.865008,0.6,0.51,Kinshasa,0.4,0.0,0.4
0.0,0.0,467.23,1385,0.6,74.9,0.4,0.2,0.6,2,29.3068,0.64,120.0751,0.4,0.51,Yiwu,0.4,0.2,0.6
3.5,3.5,591.06,2087,0.6,74.9,0.4,0.2,0.6,2,24.4798,0.65,118.0894,0.4,0.51,Xiamen,0.4,0.2,0.6
2.43,2.43,477.54,2041,0.6,74.9,0.4,0.2,0.4,2,22.2707,0.63,113.5767,0.4,0.51,Zhuhai,0.4,0.2,0.6
2.78,2.78,281.66,2800,0.6,71.1,0.4,0.8,0.6,2,-22.57,0.62,17.083611,0.4,0.5,Windhoek,0.4,0.0,0.8
2.34,2.34,59.06,1200,0.4,79.6,0.4,0.2,0.8,4,11.2558266,0.6,75.7407734,0.4,0.5,Kozhikode,0.4,0.4,0.4
0.73,0.73,59.25,623,0.8,74.9,0.6,0.2,0.6,0,23.35,0.61,116.6667,0.4,0.5,Shantou,0.6,0.4,0.8
3.15,3.15,72.92,2792,0.6,74.9,0.4,0.2,0.6,4,23.0881944,0.66,114.1434449,0.6,0.5,Huizhou,0.4,0.2,0.6
1.09,1.09,88.96,915,0.8,74.9,0.2,0.2,0.4,3,30.5833,0.61,114.2833,0.4,0.5,Wuhan,0.2,0.4,0.8
0.0,0.0,5.61,565,0.4,74.9,0.6,0.2,0.6,4,-7.5592034,0.56,110.7487715,0.2,0.5,Surakarta,0.2,0.8,0.4
2.58,2.58,210.16,1362,0.6,79.6,0.4,0.2,0.6,3,11.0168445,0.61,76.9558321,0.2,0.5,Coimbatore,0.4,0.2,0.6
1.17,1.17,72.83,1748,0.6,65.3,0.6,0.4,0.6,3,-7.1496459,0.63,-35.0235323,0.8,0.5,Joao Pessoa,0.6,0.4,0.6
3.15,3.15,72.92,1531,0.6,74.9,0.4,0.2,0.6,2,40.816665,0.63,111.3676885,0.6,0.5,Hohhot,0.4,0.2,0.6
3.0,3.0,294.59,1824,0.6,66.1,0.4,0.2,0.6,4,4.6099495,0.61,101.0216321,0.4,0.5,Ipoh,0.4,0.4,0.4
2.34,2.34,59.06,1046,0.4,79.6,0.4,0.2,0.6,3,19.990908,0.58,73.6633947,0.4,0.5,Nashik,0.4,0.4,0.4
1.09,1.09,88.96,972,0.6,74.9,0.4,0.2,0.6,4,23.12911,0.61,113.264385,0.6,0.5,Guangzhou,0.4,0.4,0.6
4.3,4.3,492.07,3542,0.4,95.2,0.2,0.4,0.4,8,12.6125547,0.4,-8.1355996,0.2,0.5,Bamako,0.4,0.4,0.4
3.15,3.15,72.92,2683,0.6,74.9,0.4,0.2,0.6,3,40.0901504,0.66,113.1646645,0.6,0.5,Datong,0.4,0.2,0.6
1.28,1.28,156.21,1324,0.6,80.2,0.6,0.2,1.0,1,4.6333,0.59,-75.5667,0.2,0.5,Salento,0.8,0.4,0.8
0.44,0.44,51.68,582,0.2,79.6,0.2,0.2,0.6,4,9.9312328,0.54,76.2673041,0.6,0.5,Kochi,0.2,0.2,0.4
1.45,1.45,24.18,1724,0.6,70.4,0.4,0.2,0.8,5,21.8853,0.43,-102.2916,0.4,0.49,Aguascalientes,0.4,0.6,0.2
0.0,0.0,5.61,566,0.4,74.9,0.4,0.2,0.6,2,-7.0247702,0.56,110.3488077,0.2,0.49,Semarang,0.2,0.8,0.4
2.34,2.34,59.06,1234,0.4,79.6,0.4,0.2,0.6,4,9.9176385,0.59,78.0527831,0.4,0.49,Madurai,0.6,0.4,0.4
2.67,2.67,72.92,1259,0.6,74.9,0.6,0.2,0.6,4,24.9037349,0.61,118.5836792,0.4,0.49,Quanzhou,0.4,0.4,0.6
1.09,1.09,88.96,1178,0.8,74.9,0.6,0.2,0.6,3,39.1333,0.59,117.1833,0.4,0.49,Tianjin,0.6,0.4,0.8
1.41,1.41,423.9,1297,0.6,78.8,0.4,0.2,1.0,4,19.3592283,0.66,98.4372691,0.2,0.49,Pai,0.6,0.4,0.8
0.93,0.93,0.83,564,0.6,91.2,0.4,0.4,1.0,0,27.7172,0.52,85.324,0.4,0.49,Kathmandu,0.4,0.0,0.42
1.55,1.55,223.57,1511,0.4,70.4,0.4,0.2,0.4,0,25.5485471,0.45,-103.5420016,0.6,0.49,Torreon,0.4,0.6,0.2
4.73,4.73,72.92,1563,0.6,74.9,0.4,0.2,0.6,4,37.8632119,0.59,112.4024876,0.4,0.49,Taiyuan,0.4,0.4,0.6
1.39,1.39,112.63,1214,0.8,74.9,0.2,0.2,0.4,2,27.9908558,0.6,120.4035133,0.4,0.49,Wenzhou,0.4,0.4,0.8
4.19,4.19,244.31,3240,0.6,69.9,0.4,0.6,0.8,3,-29.8586804,0.59,31.0218404,0.4,0.49,Durban,0.4,0.6,0.4
0.0,0.0,5.61,610,0.4,74.9,0.4,0.2,0.6,2,0.5137908,0.55,101.3711354,0.2,0.49,Pekanbaru,0.2,0.8,0.4
1.46,1.46,118.67,1590,0.8,74.9,0.8,0.2,0.6,2,36.1357443,0.62,120.0846507,0.6,0.49,Qingdao,0.6,0.4,0.6
0.8,0.8,65.3,764,0.8,74.9,0.8,0.2,0.6,2,29.5583,0.59,106.5667,0.6,0.49,Chongqing,0.6,0.4,0.6
1.09,1.09,88.96,944,0.8,74.9,0.6,0.2,0.6,4,30.6586,0.6,104.0647,0.6,0.49,Chengdu,0.6,0.4,0.8
2.34,2.34,59.06,982,0.4,79.6,0.4,0.2,0.6,2,25.6080374,0.56,85.1430429,0.2,0.49,Patna,0.4,0.6,0.4
0.44,0.44,373.99,1373,0.6,74.9,0.4,0.2,0.4,0,37.5131,0.6,122.1204,0.4,0.49,Weihai,0.4,0.2,0.6
3.45,3.45,358.49,3762,0.4,48.4,0.6,0.6,0.6,4,-32.8833303,0.68,-68.8935386,0.6,0.49,Mendoza,0.6,0.6,0.42
2.83,2.83,366.99,3518,0.4,36.2,0.4,0.8,0.6,3,-34.9424936,0.7,-54.9819142,0.4,0.48,Punta del Este,0.4,0.4,0.6
3.09,3.09,72.92,1252,0.6,74.9,0.4,0.2,0.6,4,43.8870114,0.61,124.7328636,0.6,0.48,Changchun,0.4,0.2,0.6
1.62,1.62,79.21,2422,0.2,78.3,0.4,0.2,0.4,3,36.752887,0.6,3.042048,0.4,0.48,Algiers,0.4,0.4,0.25
0.5,0.5,40.71,1908,0.4,74.2,1.0,0.2,0.6,2,33.2316,0.61,-8.5,0.6,0.48,El Jadida,0.6,0.4,0.8
3.15,3.15,72.92,1023,0.6,74.9,0.4,0.2,0.6,3,46.8096592,0.61,130.2401659,0.6,0.48,Jiamusi,0.4,0.2,0.6
3.94,3.94,549.6,2148,0.6,74.9,0.4,0.2,0.4,2,31.5661,0.61,120.303,0.4,0.48,Wuxi,0.4,0.2,0.6
1.09,1.09,88.96,1103,0.8,74.9,0.4,0.2,0.6,0,35.05,0.61,118.35,0.2,0.48,Linyi,0.2,0.4,0.8
1.5,1.5,130.0,1732,0.8,91.3,0.8,0.2,0.8,2,-1.943889,0.5,30.059444,0.6,0.48,Kigali,0.6,0.0,0.6
2.63,2.63,213.65,1850,0.4,72.0,0.4,0.6,0.4,1,-13.5300095,0.59,-72.0092896,0.4,0.48,Cusco,0.6,0.6,0.6
2.55,2.55,207.55,1867,0.6,83.5,0.2,0.2,0.8,1,41.266667,0.54,69.216667,0.6,0.48,Tashkent,0.4,0.0,0.6
3.56,3.56,63.5,1111,0.6,90.7,0.6,0.2,0.6,3,22.3475,0.45,91.8123,0.4,0.48,Chittagong,0.4,0.4,0.6
3.94,3.94,465.62,1767,0.6,74.9,0.4,0.2,0.4,2,37.4638,0.6,121.4479,0.4,0.48,Yantai,0.4,0.2,0.6
1.28,1.28,156.21,1658,0.4,80.2,0.6,0.2,0.6,3,11.2419,0.55,-74.2053,0.4,0.48,Santa Marta,0.4,0.4,0.51
1.67,1.67,223.04,1846,0.45,70.4,0.6,0.2,0.6,3,22.1234596,0.59,-101.0908229,0.62,0.48,San Luis Potosi,0.4,0.6,0.4
0.8,0.8,72.92,763,0.6,74.9,0.4,0.2,0.6,2,41.115829,0.58,122.7261787,0.4,0.48,Anshan,0.4,0.2,0.6
1.09,1.09,88.96,1036,0.8,74.9,0.4,0.2,0.6,4,31.299,0.6,120.5853,0.6,0.48,Suzhou,0.4,0.4,0.8
2.67,2.67,72.92,1213,0.6,74.9,0.4,0.2,0.6,3,41.8053311,0.56,123.436498,0.4,0.47,Shenyang,0.4,0.4,0.6
2.43,2.43,197.49,1965,0.4,87.8,0.4,0.4,0.8,2,-25.966667,0.53,32.583333,0.4,0.47,Maputo,0.4,0.6,0.6
3.15,3.15,72.92,1844,0.6,74.9,0.4,0.2,0.6,3,41.8807975,0.61,123.7956538,0.6,0.47,Fushun,0.4,0.2,0.6
0.0,0.0,207.17,927,0.6,84.7,0.6,0.2,0.8,1,0.8371559,0.56,103.7729345,0.6,0.47,Batam,0.6,0.6,0.6
0.72,0.72,117.16,830,0.6,80.2,0.4,0.2,0.6,3,1.2135253,0.51,-77.3122422,0.6,0.47,Pasto,0.4,0.4,0.4
0.92,0.92,57.58,868,0.2,79.6,0.2,0.2,0.8,4,22.572646,0.52,88.363895,0.2,0.47,Kolkata,0.4,0.2,0.4
2.06,2.06,59.06,945,0.4,79.6,0.4,0.2,0.6,2,8.499733,0.54,76.9243616,0.2,0.47,Thiruvananthapuram,0.4,0.6,0.4
7.62,7.62,63.5,1279,0.6,90.7,0.6,0.2,0.6,2,22.8452866,0.48,89.4624613,0.4,0.47,Khulna,0.4,0.4,0.6
1.99,1.99,162.41,4228,0.6,66.0,0.4,0.6,0.8,3,17.9213664,0.68,-87.9610905,1.0,0.47,San Pedro,0.8,0.0,0.6
1.11,1.11,147.65,1134,0.2,79.6,0.6,0.2,0.6,2,15.2993265,0.58,74.123996,1.0,0.47,Goa,0.4,0.2,0.6
0.0,0.0,0.03,3520,0.4,48.4,0.4,0.484,0.6,2,-4.2471825,0.62,15.0871356,0.6,0.46,Brazzaville,0.2,0.4,0.4
3.61,3.61,396.5,3805,0.2,53.400000000000006,0.4,0.534,0.8,3,35.5630371,0.67,45.2375704,0.6,0.46,Sulaymaniyah,0.4,0.6,0.4
1.09,1.09,88.96,1532,0.6,74.9,0.2,0.2,0.4,4,34.2578042,0.57,116.9254313,0.4,0.46,Xuzhou,0.4,0.4,0.6
1.09,1.09,88.96,1178,0.6,74.9,0.4,0.2,0.6,2,34.7422909,0.57,113.3829899,0.6,0.46,Zhengzhou,0.4,0.4,0.6
2.65,2.65,150.0,4358,0.6,66.1,0.6,0.2,0.6,2,38.9076089,0.66,-77.0744472,0.6,0.46,George Town,0.6,0.4,0.6
1.98,1.98,59.06,959,0.4,79.6,0.4,0.2,0.6,2,22.2734269,0.53,70.6812104,0.2,0.46,Rajkot,0.4,0.6,0.4
1.09,1.09,88.96,729,0.8,74.9,0.4,0.2,0.4,0,36.6070008,0.55,114.3429477,0.6,0.46,Handan,0.4,0.4,0.8
1.18,1.18,255.3,1285,0.4,84.2,0.4,0.6,0.4,0,18.887626,0.5,47.3724277,0.2,0.46,Antananarivo,0.4,0.6,0.8
2.67,2.67,72.92,2455,0.6,74.9,0.4,0.2,0.6,0,25.4165898,0.6,118.8768668,0.4,0.46,Putian,0.4,0.4,0.6
1.48,1.48,73.82,1409,0.4,79.6,0.4,0.2,0.8,2,25.1734028,0.52,75.8469487,0.2,0.46,Kota,0.4,0.6,0.4
1.49,1.49,274.99,1823,0.4,81.8,0.4,0.6,0.6,2,6.8,0.5,39.2833,0.4,0.45,Dar es Salaam,0.2,0.0,0.4
2.67,2.67,72.92,1622,0.6,74.9,0.4,0.2,0.6,2,39.625871,0.58,118.1837082,0.4,0.45,Tangshan,0.4,0.4,0.6
2.03,2.03,81.25,1170,0.6,84.7,0.6,0.2,1.0,4,7.190708,0.6,125.455341,0.6,0.45,Davao,0.6,0.4,0.8
1.11,1.11,59.06,1408,0.4,79.6,0.4,0.2,0.6,2,23.3431425,0.53,85.1812404,0.2,0.45,Ranchi,0.4,0.6,0.4
0.73,0.73,59.25,706,0.8,74.9,0.4,0.2,0.4,1,38.8667,0.5,115.4667,0.4,0.45,Baoding,0.2,0.4,0.8
1.13,1.13,126.98,1203,0.4,97.7,0.0,0.4,0.6,3,0.313611,0.4,32.581111,0.4,0.45,Kampala,0.8,0.0,0.4
2.19,2.19,177.92,1209,0.8,74.9,0.4,0.2,0.4,3,45.75,0.56,126.6333,0.4,0.44,Harbin,0.4,0.4,0.8
6.0,6.0,488.0,3458,0.6,71.2,0.4,0.8,0.6,7,5.55,0.46,-0.2,0.8,0.44,Accra,0.2,0.6,0.2
1.98,1.98,249.16,2472,0.6,79.8,0.2,0.2,0.4,5,14.0839053,0.41,-87.2750132,0.2,0.44,Tegucigalpa,0.2,0.6,0.2
4.55,4.55,369.8,2014,0.6,81.0,0.4,0.2,0.6,3,43.133333,0.54,131.9,0.6,0.43,Vladivostok,0.4,0.4,0.8
0.63,0.63,51.58,1850,0.6,83.8,0.6,0.2,0.6,4,38.536667,0.5,68.78,0.8,0.43,Dushanbe,0.6,0.0,0.4
0.96,0.96,32.12,2188,0.58,90.2,0.4,0.2,0.4,0,31.2000924,0.44,29.9187387,0.4,0.43,Alexandria,0.4,0.6,0.4
0.8,0.8,65.28,2374,0.6,90.2,0.4,0.2,0.8,0,31.2652893,0.47,32.3018661,0.4,0.42,Port Said,0.4,0.6,0.6
2.67,2.67,72.92,1143,0.6,74.9,0.4,0.2,0.6,4,47.3447368,0.54,123.8250676,0.4,0.42,Qiqihar,0.4,0.4,0.6
2.0,2.0,183.0,3706,0.2,52.2,0.4,0.522,0.8,3,36.191111,0.61,44.009167,0.4,0.42,Erbil,0.4,0.6,0.4
1.12,1.12,246.33,1493,0.4,97.2,0.4,0.2,0.6,2,8.9806034,0.42,38.7577605,0.4,0.42,Addis Ababa,0.4,0.0,0.4
0.0,0.0,262.33,2234,0.2,86.9,0.2,0.2,0.4,3,32.6622111,0.45,51.5469411,0.2,0.42,Isfahan,0.2,0.2,0.4
0.93,0.93,78.36,1270,0.6,90.2,0.4,0.2,0.6,0,28.4956014,0.27,34.4829166,0.2,0.42,Dahab,0.4,0.6,0.2
2.67,2.67,72.92,3387,0.6,74.9,0.4,0.2,0.6,2,39.942517,0.57,119.4615471,0.4,0.4,Qinhuangdao,0.4,0.4,0.6
0.96,0.96,58.36,1259,0.6,103.5,0.2,0.4,0.6,1,7.3775,0.29,3.947,0.4,0.39,Ibadan,0.4,0.0,0.4
5.0,5.0,100.0,2844,0.2,100.5,0.2,0.2,0.6,2,-17.863889,0.31,31.029722,0.4,0.38,Harare,0.2,0.0,0.4
0.96,0.96,95.68,1330,0.4,103.5,0.2,0.4,0.8,4,6.5243793,0.29,3.3792057,0.8,0.38,Lagos,0.4,0.0,0.4
4.99,4.99,304.25,5286,0.2,86.9,0.4,0.2,0.8,2,35.696111,0.55,51.423056,0.2,0.38,Tehran,0.4,0.4,0.6
2.87,2.87,0.01,1789,0.6,103.8,0.0,0.4,0.6,1,9.6355536,0.32,-13.7188249,0.2,0.37,Conakry,0.4,0.6,0.4
1.28,1.28,453.36,2103,0.2,97.8,0.4,0.2,0.4,3,3.8302938,0.35,11.3703663,0.4,0.37,Yaounde,0.4,0.2,0.4
6.58,6.58,139.71,4732,0.4,90.5,0.6,0.4,1.0,5,-8.838333,0.28,13.234444,0.6,0.37,Luanda,1.0,0.0,0.2
4.15,4.15,28.58,2577,0.2,101.7,0.4,0.2,0.4,2,31.4482891,0.26,72.9339314,0.2,0.36,Faisalabad,0.4,0.2,0.4
1.08,1.08,252.5,1557,0.4,78.5,0.4,0.4,0.8,2,-16.5207123,0.42,-68.0915129,0.6,0.35,La Paz,0.4,0.8,0.2
2.79,2.79,195.45,2467,0.4,69.9,0.4,0.6,0.8,4,-26.2041028,0.42,28.0473051,0.4,0.35,Johannesburg,0.8,0.6,0.2
0.84,0.84,204.1,4119,0.6,90.5,0.4,0.4,0.6,1,-12.7699636,0.39,15.6713637,0.6,0.35,Huambo,0.2,0.4,0.4
1.96,1.96,427.85,2015,0.2,103.5,0.2,0.4,0.4,1,4.8241508,0.28,6.8934591,0.2,0.35,Port Harcourt,0.4,0.4,0.4
1.54,1.54,125.24,780,0.4,111.5,1.0,0.2,0.8,1,15.5006544,0.22,32.5598994,0.4,0.35,Khartoum,0.4,0.0,0.4
0.95,0.95,77.48,1423,0.2,101.7,0.2,0.2,0.4,2,33.7293882,0.26,73.0931461,0.2,0.34,Islamabad,0.4,0.8,0.4
1.67,1.67,121.9,1913,0.4,83.2,0.4,0.4,0.8,4,14.613333,0.36,-90.535278,0.4,0.34,Guatemala City,0.4,0.6,0.2
0.96,0.96,58.36,1889,0.4,103.5,0.2,0.4,0.6,1,12.0022,0.28,8.592,0.2,0.33,Kano,0.2,0.0,0.4
0.83,0.83,74.19,1702,0.2,110.8,0.2,0.2,0.2,5,51.295152,0.02,-1.0670713,0.2,0.3,Hama,0.4,0.4,0.2
2.83,2.83,174.41,4245,0.2,101.7,0.4,0.2,0.2,1,33.9915645,0.26,71.3735298,0.2,0.3,Peshawar,0.2,0.2,0.4
2.5,2.5,200.0,2507,0.4,81.6,0.4,0.2,0.6,3,10.4696404,0.31,-66.8037185,0.6,0.29,Caracas,0.2,0.6,0.2
3.0,3.0,243.51,3461,0.2,86.2,0.2,0.6,0.4,2,-9.4438004,0.31,147.1802671,0.2,0.29,Port Moresby,0.2,0.0,0.2
2.04,2.04,288.58,2833,0.2,91.0,0.2,0.6,0.4,0,8.4543905,0.22,-13.2936872,0.2,0.23,Freetown,0.4,0.4,0.2
2.48,2.48,201.55,2525,0.2,96.4,0.4,0.2,0.8,3,32.8133112,0.22,13.1048449,0.2,0.21,Tripoli,0.4,0.0,0.2
0.71,0.71,28.58,915,0.2,101.7,0.4,0.2,0.4,2,33.598394,0.1,73.0441352,0.4,0.21,Rawalpindi,0.2,0.8,0.2
2.5,2.5,28.58,1449,0.2,101.7,0.4,0.2,0.4,1,32.1452177,0.11,74.1193111,0.2,0.21,Gujranwala,0.4,0.2,0.2
2.38,2.38,114.3,3144,0.2,101.7,0.4,0.2,0.6,3,24.8614622,0.12,67.0099388,0.4,0.2,Karachi,0.4,0.8,0.2
2.65,2.65,215.73,1162,0.2,110.8,0.2,0.2,0.2,2,33.513,0.01,36.292,0.2,0.19,Damascus,0.4,0.0,0.2
4.0,4.0,28.58,2637,0.2,101.7,0.4,0.2,0.4,2,29.3890359,0.11,71.635921,0.2,0.18,Bahawalpur,0.4,0.2,0.2
2.0,2.0,183.0,2980,0.2,104.7,0.4,0.2,0.4,3,33.325,0.09,44.422,0.2,0.17,Baghdad,0.4,0.6,0.2
1.6,1.6,32.01,1099,0.4,80.2,0.6,0.2,1.0,4,3.420556,0.36,-76.522222,1.0,0.16,Cali,0.4,0.4,0.2
5.0,5.0,360.0,5009,0.2,93.9,0.2,0.2,0.2,1,39.0194,0.14,125.7381,0.4,0.15,Pyongyang,0.2,0.0,0.2
0.0,0.0,182.69,10121,0.2,104.7,0.2,0.2,0.6,2,30.5311616,0.12,47.6319457,0.2,0.0,Basra,0.2,0.2,0.2
